material,tomr,cf,c_wave_no,cd_radial,cw_circumferencial,crack
3,0.4217,2,1,0.6131,0.9991,1
6,0.7629,4,-2,0.3846,0.9982,1
5,0.1898,1,-7,0.6917,0.9982,1
2,0.4062,2,-2,0.5927,0.998,1
6,0.8078,4,-10,0.9345,0.998,1
5,0.3755,2,-3,0.287,0.997,1
5,0.1861,1,6,0.3445,0.997,1
3,0.8984,4,-6,0.4545,0.9967,1
1,0.3432,2,10,0.5056,0.9964,1
6,0.618,3,5,0.3565,0.9954,1
5,0.0296,1,-10,0.4936,0.9954,1
4,0.4199,2,-10,0.3876,0.9953,1
4,0.1751,1,4,0.6763,0.9948,1
2,0.661,3,2,0.0963,0.9939,1
5,0.0497,1,-11,0.8376,0.9937,1
1,0.7246,3,8,0.848,0.9936,1
4,0.5471,3,11,0.9172,0.9933,1
3,0.1623,1,-10,0.5069,0.993,1
5,0.1904,1,-5,0.7269,0.9927,1
3,0.9223,4,6,0.8248,0.9926,1
3,0.6176,3,2,0.2305,0.9914,1
1,0.985,4,-5,0.8217,0.9912,1
2,0.3373,2,-8,0.1784,0.9891,1
2,0.288,2,0,0.6335,0.9889,1
5,0.5028,2,2,0.072,0.9888,1
4,0.4057,2,1,0.0674,0.9881,1
4,0.8944,4,-9,0.5159,0.9877,1
4,0.407,2,-6,0.1887,0.9867,1
4,0.291,2,9,0.9219,0.9867,1
5,0.592,3,-11,0.8619,0.9863,1
1,0.4545,2,1,0.8571,0.9859,1
4,0.2932,2,6,0.7852,0.9856,1
6,0.5681,3,1,0.3659,0.9853,1
5,0.6361,3,-1,0.3323,0.9843,1
5,0.0977,1,7,0.0776,0.9841,1
4,0.5714,3,-4,0.5478,0.984,1
6,0.1333,1,6,0.7648,0.9837,1
5,0.7479,3,-7,0.3515,0.9826,1
6,0.9128,4,-5,0.2117,0.981,1
5,0.3703,2,-11,0.6065,0.9804,1
2,0.6506,3,9,0.6471,0.9804,1
3,0.7546,3,6,0.1185,0.977,1
2,0.116,1,-4,0.2691,0.9762,1
6,0.3097,2,0,0.4669,0.9761,1
3,0.6816,3,-4,0.1919,0.9749,1
5,0.8443,4,-1,0.9077,0.9746,1
2,0.6243,3,-7,0.5584,0.9736,1
1,0.2359,1,-2,0.1811,0.9734,1
6,0.9508,4,6,0.6488,0.9725,1
3,0.3859,2,-1,0.8829,0.972,1
2,0.4913,2,-1,0.486,0.9712,1
3,0.0822,1,9,0.779,0.9702,1
6,0.7947,4,1,0.8373,0.969,1
6,0.537,3,-3,0.6708,0.9687,1
1,0.8697,4,1,0.777,0.9685,1
2,0.8073,4,2,0.3416,0.9684,1
2,0.1534,1,-1,0.5244,0.9684,1
1,0.5003,2,-2,0.8297,0.9677,1
1,0.0676,1,2,0.0644,0.9676,1
3,0.7246,3,1,0.4939,0.967,1
5,0.2654,1,8,0.6572,0.9669,1
3,0.7584,3,-9,0.4246,0.9663,1
1,0.8358,4,1,0.2755,0.9662,1
3,0.9206,4,0,0.467,0.966,1
1,0.6327,3,5,0.2677,0.9646,1
1,0.8424,4,-6,0.0677,0.9643,1
1,0.877,4,-4,0.7556,0.9632,1
1,0.2402,1,-11,0.8182,0.963,1
5,0.5557,3,3,0.0484,0.9628,1
1,0.2014,1,-7,0.1179,0.962,1
6,0.0302,1,-8,0.6003,0.9614,1
6,0.7436,3,3,0.6242,0.9614,1
3,0.403,2,7,0.77,0.9597,1
4,0.623,3,7,0.7235,0.9596,1
4,0.365,2,4,0.7508,0.959,1
6,0.3275,2,-5,0.1971,0.9589,1
1,0.5598,3,3,0.7582,0.9586,1
4,0.3017,2,5,0.3119,0.9584,1
6,0.4472,2,9,0.717,0.9563,1
1,0.44,2,4,0.1458,0.9556,1
6,0.3581,2,-6,0.5018,0.9544,1
2,0.5911,3,-9,0.4024,0.9535,1
1,0.0761,1,3,0.2392,0.9523,1
6,0.3382,2,-7,0.908,0.9517,1
3,0.9425,4,8,0.7256,0.9512,1
5,0.245,1,-2,0.795,0.9504,1
4,0.3635,2,-10,0.1022,0.9497,1
1,0.8097,4,-6,0.3418,0.9493,1
4,0.6439,3,2,0.0501,0.9492,1
5,0.7733,4,1,0.6089,0.9482,1
1,0.8481,4,-11,0.2831,0.948,1
1,0.817,4,0,0.1629,0.9477,1
2,0.6596,3,9,0.5267,0.9476,1
5,0.8266,4,2,0.1737,0.9472,1
2,0.2618,1,-4,0.4711,0.9468,1
3,0.7312,3,-4,0.5001,0.9468,1
2,0.6169,3,6,0.7235,0.9468,1
1,0.1439,1,-8,0.16,0.9462,1
3,0.3391,2,0,0.7206,0.9461,1
4,0.6739,3,-4,0.37,0.9453,1
5,0.1292,1,-5,0.4259,0.9441,1
4,0.4499,2,-5,0.8715,0.9439,1
5,0.5561,3,-4,0.7754,0.9435,1
2,0.2017,1,3,0.3856,0.9419,1
5,0.9096,4,7,0.404,0.9416,1
4,0.7176,3,11,0.7921,0.9409,1
2,0.2661,1,-5,0.829,0.9409,1
2,0.7192,3,1,0.6207,0.9408,1
6,0.2215,1,10,0.5461,0.9401,1
3,0.9753,4,2,0.0925,0.9399,1
3,0.1375,1,6,0.1667,0.9399,1
3,0.3973,2,2,0.4868,0.9395,1
5,0.4066,2,-10,0.2826,0.939,1
1,0.4301,2,0,0.4207,0.9389,1
3,0.6107,3,-11,0.5375,0.9389,1
1,0.9908,4,5,0.9065,0.9389,1
6,0.3443,2,-3,0.7629,0.9388,1
5,0.1939,1,11,0.3639,0.9381,1
6,0.9702,4,3,0.8765,0.938,1
1,0.3821,2,8,0.2829,0.9379,1
2,0.4939,2,2,0.3119,0.9376,1
2,0.2029,1,10,0.7455,0.9372,1
3,0.9622,4,6,0.2353,0.9371,1
2,0.2227,1,1,0.6331,0.937,1
1,0.4261,2,-8,0.3388,0.9363,1
1,0.5832,3,-2,0.661,0.9359,1
1,0.8629,4,9,0.7341,0.9359,1
5,0.1493,1,-1,0.1264,0.9358,1
3,0.1034,1,1,0.8492,0.9356,1
1,0.7547,3,10,0.6388,0.9355,1
6,0.9708,4,-8,0.8225,0.9353,1
2,0.2046,1,3,0.3045,0.9347,1
6,0.3626,2,-9,0.8835,0.9337,1
6,0.8583,4,-10,0.4158,0.9336,1
3,0.2782,2,-2,0.4427,0.9335,1
6,0.4849,2,2,0.6976,0.9334,1
2,0.4012,2,-10,0.2982,0.9333,1
4,0.5002,2,-8,0.2259,0.9317,1
4,0.8587,4,10,0.4393,0.9316,1
3,0.137,1,6,0.4619,0.9316,1
3,0.2386,1,-8,0.5716,0.9315,1
4,0.9721,4,3,0.6288,0.9306,1
1,0.8296,4,-6,0.8334,0.9292,1
3,0.0347,1,-11,0.3354,0.9285,1
2,0.3465,2,1,0.0827,0.9283,1
5,0.0969,1,9,0.6187,0.9283,1
5,0.5023,2,-3,0.8106,0.9276,1
2,0.2046,1,4,0.4742,0.9264,1
1,0.6838,3,-9,0.6211,0.9259,1
2,0.6283,3,-3,0.2266,0.9257,1
6,0.5117,2,-6,0.4701,0.9252,1
5,0.3093,2,-10,0.2056,0.9249,1
5,0.6981,3,-3,0.2815,0.9242,1
6,0.0725,1,-11,0.1336,0.9239,1
1,0.8316,4,6,0.4223,0.9237,1
1,0.5052,2,8,0.87,0.9236,1
6,0.7499,3,-11,0.5878,0.9232,1
6,0.1532,1,8,0.6188,0.923,1
2,0.1061,1,2,0.9708,0.922,1
5,0.3859,2,6,0.4342,0.9215,1
1,0.866,4,7,0.6895,0.9206,1
5,0.7742,4,-9,0.7905,0.9205,1
6,0.4915,2,-11,0.0451,0.9197,1
6,0.9837,4,6,0.7806,0.919,1
4,0.7823,4,-9,0.7985,0.919,1
5,0.2219,1,-8,0.7778,0.9188,1
2,0.9682,4,6,0.6842,0.9185,1
1,0.5227,3,6,0.1985,0.918,1
1,0.4004,2,-11,0.4401,0.9175,1
1,0.2936,2,-1,0.7517,0.9171,1
5,0.7676,4,-4,0.8606,0.9165,1
5,0.9627,4,-5,0.1554,0.9162,1
2,0.6419,3,-8,0.653,0.916,1
2,0.0269,1,-5,0.714,0.9152,1
6,0.2144,1,10,0.0626,0.9147,1
3,0.3293,2,-9,0.2697,0.9147,1
2,0.8974,4,-8,0.2875,0.9145,1
5,0.3289,2,6,0.954,0.9141,1
2,0.7195,3,-5,0.294,0.9139,1
3,0.4206,2,-9,0.9787,0.9136,1
4,0.7167,3,0,0.2333,0.9134,1
5,0.2532,1,11,0.3312,0.9124,1
3,0.1555,1,0,0.4139,0.9123,1
6,0.9864,4,-5,0.886,0.9119,1
6,0.8212,4,6,0.2621,0.9102,1
4,0.8253,4,-8,0.4046,0.9097,1
3,0.6406,3,-11,0.5148,0.9097,1
6,0.828,4,0,0.916,0.9096,1
5,0.174,1,-9,0.5617,0.9091,1
1,0.8539,4,5,0.8697,0.909,1
3,0.5964,3,-1,0.141,0.9082,1
3,0.5832,3,-1,0.0291,0.9078,1
2,0.1043,1,-3,0.148,0.9071,1
6,0.0359,1,3,0.6388,0.9051,1
6,0.2139,1,6,0.2457,0.9045,1
4,0.8948,4,4,0.7308,0.9041,1
3,0.3072,2,-10,0.2461,0.9036,1
6,0.559,3,-2,0.4712,0.9018,1
6,0.8448,4,0,0.6232,0.8994,1
1,0.5612,3,-1,0.5222,0.8985,1
3,0.4606,2,-5,0.5469,0.8969,1
1,0.419,2,-8,0.5273,0.8959,1
5,0.7943,4,3,0.4126,0.8951,1
2,0.3531,2,-8,0.0544,0.8949,1
5,0.4666,2,-2,0.719,0.8947,1
3,0.4888,2,0,0.5287,0.8938,1
1,0.9004,4,-9,0.7453,0.8938,1
1,0.2997,2,-1,0.4137,0.8933,1
4,0.1291,1,-11,0.1101,0.8932,1
4,0.5149,3,-2,0.6828,0.893,1
6,0.5765,3,-5,0.6959,0.893,1
1,0.121,1,4,0.2863,0.8926,1
3,0.8948,4,5,0.583,0.8909,1
6,0.8478,4,-3,0.1374,0.8904,1
3,0.319,2,8,0.6173,0.8903,1
6,0.0326,1,0,0.2712,0.89,1
5,0.4196,2,1,0.1283,0.8898,1
6,0.0703,1,-2,0.3521,0.8891,1
3,0.4394,2,-10,0.0491,0.8889,1
1,0.2467,1,-3,0.1594,0.8884,1
3,0.6384,3,5,0.9907,0.8883,1
5,0.2523,1,-10,0.8387,0.8882,1
6,0.2176,1,9,0.0673,0.8881,1
6,0.6445,3,10,0.99,0.8878,1
5,0.921,4,7,0.7664,0.8873,1
2,0.7159,3,-8,0.4911,0.886,1
1,0.7926,4,-5,0.6055,0.8858,1
2,0.0293,1,0,0.2841,0.8854,1
5,0.6285,3,-9,0.9564,0.8851,1
6,0.282,2,-10,0.4261,0.8838,1
2,0.8233,4,5,0.8259,0.8836,1
4,0.4963,2,5,0.2335,0.8829,1
3,0.682,3,9,0.8309,0.8817,1
6,0.2701,1,4,0.9591,0.8812,1
5,0.8146,4,-2,0.1104,0.8799,1
2,0.7071,3,-9,0.5806,0.8794,1
3,0.0418,1,7,0.2944,0.8792,1
1,0.5653,3,0,0.9541,0.8791,1
2,0.8597,4,10,0.7689,0.8786,1
1,0.3981,2,4,0.3517,0.8784,1
6,0.5806,3,10,0.9657,0.8782,1
6,0.7806,4,8,0.8053,0.8772,1
5,0.4714,2,-8,0.1759,0.8764,1
3,0.532,3,5,0.5469,0.8764,1
2,0.2414,1,-1,0.8768,0.8752,1
1,0.5801,3,2,0.1033,0.8733,1
3,0.9956,4,-10,0.9635,0.8732,1
2,0.0869,1,-8,0.1694,0.8717,1
5,0.996,4,6,0.8359,0.8717,1
6,0.8653,4,0,0.5597,0.8716,1
1,0.2869,2,-8,0.4736,0.8713,1
6,0.6672,3,4,0.8234,0.8712,1
6,0.7645,4,1,0.5274,0.8705,1
2,0.5788,3,2,0.3041,0.8701,1
1,0.1269,1,4,0.4012,0.8701,1
1,0.1006,1,9,0.6515,0.8701,1
6,0.2337,1,11,0.4059,0.87,1
2,0.5916,3,-9,0.2793,0.8692,1
2,0.8529,4,-7,0.337,0.8692,1
4,0.5197,3,-10,0.8947,0.869,1
5,0.3892,2,6,0.6524,0.8689,1
3,0.9296,4,5,0.0515,0.8684,1
3,0.7358,3,0,0.814,0.8679,1
4,0.1886,1,-4,0.3334,0.8677,1
4,0.4853,2,8,0.4793,0.8673,1
2,0.8359,4,-8,0.6277,0.8665,1
6,0.362,2,-11,0.5989,0.8664,1
2,0.1545,1,-1,0.3195,0.8663,1
3,0.0373,1,-7,0.8138,0.8662,1
3,0.1675,1,6,0.7436,0.8646,1
1,0.2715,1,4,0.3214,0.8635,1
1,0.5455,3,8,0.9918,0.8634,1
6,0.6751,3,-6,0.4755,0.8632,1
6,0.1767,1,-8,0.5352,0.8632,1
1,0.5632,3,8,0.9256,0.863,1
2,0.3059,2,8,0.6642,0.8629,1
3,0.3739,2,-4,0.7634,0.8619,1
6,0.3266,2,-1,0.2317,0.8614,1
4,0.4496,2,-4,0.9309,0.8605,1
6,0.3365,2,0,0.0321,0.86,1
1,0.2941,2,-5,0.5359,0.8585,1
2,0.9356,4,0,0.8411,0.8584,1
3,0.1241,1,7,0.7733,0.858,1
3,0.3372,2,-11,0.1383,0.8571,1
3,0.7653,4,3,0.9702,0.8562,1
2,0.2737,2,5,0.7615,0.8561,1
4,0.4771,2,-2,0.979,0.8561,1
1,0.9189,4,1,0.0304,0.8559,1
4,0.5512,3,-2,0.1437,0.8559,1
2,0.393,2,-8,0.4018,0.8556,1
5,0.0267,1,-10,0.0931,0.8553,1
5,0.5796,3,-4,0.9314,0.8551,1
5,0.3817,2,2,0.3338,0.8544,1
5,0.208,1,8,0.9653,0.8539,1
1,0.5752,3,-5,0.4904,0.8531,1
6,0.2416,1,-2,0.6513,0.8531,1
5,0.0974,1,3,0.8844,0.8516,1
1,0.0355,1,-8,0.1528,0.8515,1
6,0.4284,2,-11,0.6079,0.8501,1
4,0.5703,3,-10,0.7203,0.8499,1
3,0.479,2,9,0.5721,0.8496,1
1,0.9086,4,10,0.749,0.8492,1
2,0.8039,4,-4,0.9209,0.8491,1
6,0.073,1,10,0.2678,0.8476,1
2,0.1312,1,9,0.6451,0.8465,1
3,0.0946,1,10,0.8705,0.8458,1
1,0.9116,4,5,0.0687,0.8455,1
3,0.595,3,10,0.2743,0.8454,1
4,0.0992,1,11,0.4415,0.8454,1
6,0.7002,3,-2,0.4056,0.8452,1
1,0.0659,1,-4,0.5844,0.8448,1
6,0.2392,1,-9,0.6759,0.8448,1
3,0.3332,2,-3,0.8722,0.8445,1
6,0.581,3,2,0.4045,0.8439,1
1,0.1663,1,11,0.8726,0.8434,1
6,0.2721,2,1,0.3999,0.8432,1
2,0.9471,4,1,0.8469,0.8426,1
1,0.8123,4,6,0.2829,0.8424,1
5,0.1825,1,4,0.1267,0.8421,1
4,0.7031,3,3,0.1897,0.8417,1
2,0.0979,1,4,0.1405,0.8408,1
3,0.6447,3,-11,0.4723,0.8408,1
4,0.6814,3,3,0.4352,0.8405,1
3,0.4511,2,-4,0.8914,0.8401,1
3,0.2887,2,-7,0.595,0.8398,1
2,0.4149,2,-9,0.5562,0.8396,1
2,0.8743,4,-10,0.4071,0.8391,1
5,0.7678,4,11,0.4278,0.8391,1
1,0.9455,4,10,0.9448,0.8391,1
3,0.9779,4,-1,0.1036,0.8387,1
4,0.895,4,-9,0.7115,0.8384,1
4,0.4282,2,-1,0.0831,0.8373,1
5,0.4276,2,2,0.961,0.8372,1
4,0.9873,4,-4,0.9831,0.8362,1
6,0.8042,4,-11,0.8251,0.8354,1
3,0.2273,1,4,0.1984,0.8352,1
4,0.664,3,4,0.7009,0.8348,1
5,0.9428,4,-4,0.4242,0.8342,1
5,0.4029,2,1,0.6092,0.8318,1
5,0.4036,2,-11,0.6082,0.8317,1
2,0.0404,1,9,0.0567,0.831,1
2,0.6065,3,6,0.1746,0.8307,1
6,0.4982,2,-1,0.2516,0.8302,1
3,0.5583,3,-2,0.3311,0.8299,1
2,0.4008,2,1,0.7323,0.8288,1
5,0.179,1,0,0.7066,0.8287,1
3,0.8411,4,6,0.8966,0.8285,1
6,0.4392,2,10,0.7819,0.8274,1
5,0.4572,2,-2,0.6575,0.8273,1
6,0.8667,4,-1,0.3243,0.8268,1
1,0.3498,2,1,0.5069,0.8264,1
4,0.2741,2,-3,0.265,0.8263,1
2,0.036,1,-9,0.5742,0.8263,1
1,0.4589,2,-3,0.6958,0.8246,1
2,0.5041,2,11,0.842,0.8244,1
2,0.1957,1,7,0.5731,0.8243,1
5,0.435,2,9,0.7373,0.8227,1
2,0.66,3,-7,0.059,0.8226,1
1,0.8638,4,-1,0.7161,0.8224,1
5,0.7669,4,-3,0.0558,0.8223,1
1,0.2035,1,-7,0.1906,0.8219,1
4,0.4757,2,-11,0.4343,0.8215,1
4,0.8049,4,-3,0.6939,0.8197,1
5,0.1132,1,9,0.9214,0.8197,1
6,0.9114,4,5,0.4939,0.8192,1
3,0.5519,3,5,0.6581,0.8181,1
6,0.3688,2,-4,0.9224,0.818,1
3,0.5286,3,-4,0.7063,0.817,1
6,0.5388,3,-5,0.8317,0.817,1
5,0.1195,1,-11,0.3782,0.8168,1
3,0.6045,3,8,0.7284,0.8166,1
4,0.0386,1,-2,0.6362,0.8158,1
1,0.6273,3,-3,0.7033,0.8155,1
5,0.9724,4,-8,0.531,0.8153,1
6,0.7334,3,-5,0.7202,0.8145,1
3,0.8057,4,-11,0.3499,0.813,1
3,0.7828,4,-7,0.5871,0.813,1
6,0.6576,3,-11,0.4622,0.8124,1
1,0.4843,2,-6,0.5077,0.8114,1
4,0.3304,2,-4,0.1206,0.8093,1
2,0.8136,4,-8,0.3957,0.8087,1
6,0.1597,1,2,0.0719,0.8086,1
1,0.6712,3,1,0.4858,0.8072,1
5,0.6416,3,-2,0.4169,0.8071,1
4,0.1521,1,3,0.6752,0.8054,1
4,0.4463,2,-6,0.9599,0.8052,1
5,0.4214,2,0,0.5323,0.8051,1
4,0.4748,2,-11,0.948,0.8051,1
1,0.8711,4,0,0.7476,0.803,1
1,0.4096,2,0,0.419,0.8029,1
5,0.8095,4,-6,0.8099,0.8006,1
1,0.6999,3,-9,0.207,0.7998,1
3,0.5477,3,-6,0.433,0.7997,1
2,0.6787,3,0,0.6917,0.7981,1
3,0.4266,2,9,0.0909,0.7978,1
2,0.2487,1,-4,0.3504,0.7975,1
5,0.8047,4,-8,0.9309,0.7967,1
5,0.4529,2,1,0.3123,0.7965,1
6,0.8291,4,0,0.9821,0.796,1
2,0.7421,3,1,0.6466,0.7951,1
3,0.1351,1,-9,0.495,0.7942,1
2,0.5643,3,-1,0.2389,0.7938,1
3,0.7401,3,-7,0.747,0.7938,1
5,0.2796,2,5,0.268,0.7929,1
5,0.7051,3,4,0.0717,0.7925,1
2,0.5827,3,0,0.7804,0.7925,1
4,0.8102,4,11,0.6079,0.7924,1
4,0.117,1,11,0.6563,0.7923,1
6,0.6553,3,-4,0.8048,0.792,1
3,0.7031,3,10,0.2914,0.7907,1
2,0.786,4,7,0.4486,0.7906,1
1,0.6208,3,4,0.2103,0.7899,1
5,0.8052,4,-3,0.8335,0.7898,1
3,0.2281,1,-2,0.9475,0.7898,1
5,0.339,2,-4,0.3959,0.789,1
3,0.0652,1,-3,0.7995,0.7886,1
5,0.2563,1,-5,0.7309,0.7883,1
2,0.1051,1,9,0.0536,0.7875,1
1,0.1253,1,4,0.646,0.787,1
3,0.5942,3,-7,0.3647,0.7854,1
3,0.663,3,7,0.8016,0.7853,1
2,0.6436,3,-1,0.4673,0.7824,1
3,0.0593,1,-4,0.1402,0.7815,1
3,0.5104,2,7,0.6769,0.7815,1
4,0.6269,3,1,0.2485,0.781,1
1,0.7582,3,3,0.2659,0.7807,1
3,0.65,3,-2,0.5391,0.7806,1
6,0.8981,4,9,0.7698,0.7804,1
6,0.2611,1,-2,0.6551,0.78,1
4,0.6766,3,9,0.6092,0.7796,1
3,0.7259,3,-3,0.2528,0.7791,1
1,0.2382,1,-1,0.5234,0.779,1
6,0.4911,2,11,0.6234,0.7786,1
4,0.1294,1,-11,0.429,0.7785,1
6,0.48,2,6,0.6599,0.7767,1
3,0.5756,3,1,0.8596,0.7762,1
1,0.8769,4,2,0.4309,0.7756,1
1,0.7477,3,0,0.8887,0.7755,1
5,0.3141,2,10,0.3776,0.775,1
6,0.2857,2,-1,0.6057,0.7747,1
2,0.9545,4,0,0.6876,0.7745,1
3,0.5679,3,10,0.1455,0.7744,1
5,0.4822,2,7,0.45,0.7741,1
5,0.4788,2,2,0.5155,0.7739,1
4,0.4885,2,-9,0.3809,0.773,1
3,0.1432,1,10,0.6299,0.7724,1
1,0.1669,1,-10,0.5928,0.7714,1
1,0.7181,3,9,0.5261,0.7712,1
2,0.2185,1,-7,0.2895,0.7702,1
4,0.4492,2,-10,0.7023,0.7701,1
1,0.1121,1,-2,0.6926,0.7684,1
4,0.2927,2,4,0.0535,0.7677,1
5,0.3799,2,4,0.4813,0.7675,1
3,0.9279,4,4,0.9501,0.7671,1
1,0.3737,2,-6,0.1802,0.7661,1
4,0.5986,3,7,0.4026,0.7652,1
6,0.7348,3,10,0.1627,0.765,1
1,0.4555,2,9,0.8564,0.765,1
4,0.5201,3,-3,0.6642,0.7648,1
1,0.0772,1,4,0.0869,0.7645,1
5,0.6684,3,-9,0.2269,0.764,1
2,0.7878,4,-11,0.2426,0.7634,1
2,0.8406,4,5,0.0465,0.7632,1
3,0.889,4,-8,0.599,0.763,1
4,0.6729,3,-11,0.9708,0.7629,1
6,0.4193,2,-7,0.8082,0.7626,1
5,0.8947,4,7,0.3481,0.7624,1
5,0.0618,1,-5,0.05,0.7614,1
2,0.3473,2,11,0.2178,0.7613,1
1,0.7259,3,9,0.3331,0.7613,1
1,0.7433,3,-3,0.2355,0.7609,1
5,0.2574,1,4,0.1484,0.7594,1
3,0.534,3,-11,0.8613,0.7593,1
4,0.0362,1,4,0.3625,0.7578,1
3,0.8262,4,3,0.4179,0.7574,1
4,0.6208,3,2,0.95,0.7565,1
5,0.1777,1,-8,0.6244,0.7559,1
6,0.2772,2,-3,0.2847,0.7556,1
1,0.3561,2,-2,0.7587,0.7555,1
3,0.579,3,-11,0.0595,0.7549,1
4,0.6786,3,-5,0.6234,0.7549,1
3,0.5057,2,-1,0.2854,0.7547,1
2,0.0998,1,10,0.5513,0.7542,1
5,0.2202,1,-8,0.7599,0.754,1
4,0.7749,4,-9,0.4734,0.7539,1
2,0.0801,1,9,0.5413,0.7537,1
3,0.8707,4,2,0.1073,0.7531,1
4,0.6175,3,-8,0.2954,0.7523,1
4,0.6057,3,1,0.5529,0.7518,1
6,0.032,1,-5,0.9175,0.7518,1
5,0.5232,3,10,0.574,0.7516,1
2,0.9829,4,-8,0.2006,0.7508,1
5,0.0584,1,7,0.4331,0.7508,1
1,0.2619,1,-5,0.1397,0.7503,1
6,0.4166,2,6,0.428,0.7502,1
4,0.3092,2,6,0.5105,0.75,1
6,0.9339,4,0,0.5898,0.7499,1
6,0.9047,4,1,0.7727,0.7498,1
3,0.9067,4,-10,0.0362,0.7482,1
2,0.4569,2,11,0.7414,0.7476,1
2,0.1904,1,2,0.6305,0.7473,1
5,0.2857,2,8,0.8482,0.7471,1
6,0.4972,2,3,0.3545,0.747,1
1,0.64,3,-9,0.5723,0.7464,1
4,0.7421,3,-4,0.2089,0.746,1
4,0.2477,1,-8,0.2615,0.7459,1
1,0.5169,3,-7,0.277,0.7456,1
3,0.7171,3,-6,0.8645,0.7453,1
4,0.3733,2,-10,0.392,0.7451,1
4,0.1462,1,-10,0.4318,0.7449,1
4,0.0649,1,11,0.3437,0.7446,1
1,0.7067,3,-9,0.1477,0.7443,1
3,0.887,4,-2,0.672,0.7443,1
3,0.0343,1,1,0.7181,0.7436,1
2,0.172,1,-10,0.8732,0.7436,1
2,0.6028,3,1,0.7708,0.7416,1
1,0.6732,3,7,0.9664,0.7409,1
3,0.1032,1,11,0.8788,0.7407,1
5,0.7172,3,-1,0.889,0.7406,1
4,0.3695,2,-2,0.9745,0.7382,1
1,0.8655,4,7,0.7663,0.7376,1
4,0.5325,3,5,0.2032,0.7364,1
5,0.487,2,7,0.2062,0.7361,1
3,0.4114,2,0,0.9995,0.7357,1
6,0.9469,4,-3,0.9584,0.7352,1
1,0.6468,3,9,0.4629,0.7351,1
5,0.957,4,-11,0.4529,0.7349,1
2,0.8554,4,4,0.7845,0.7348,1
3,0.4603,2,-6,0.7941,0.733,1
6,0.8386,4,7,0.3667,0.7327,1
2,0.296,2,7,0.702,0.7322,1
6,0.314,2,-5,0.5228,0.7313,1
5,0.4831,2,0,0.1798,0.7307,1
5,0.3388,2,-6,0.9598,0.7305,1
2,0.1427,1,5,0.5736,0.7297,1
4,0.4374,2,4,0.6889,0.7294,1
3,0.7071,3,-2,0.4934,0.7284,1
5,0.7137,3,-9,0.8532,0.7273,1
3,0.9954,4,9,0.7663,0.7271,1
1,0.9114,4,-10,0.5721,0.7269,1
1,0.5868,3,3,0.4604,0.7266,1
3,0.0837,1,1,0.4568,0.7265,1
2,0.7292,3,2,0.6362,0.726,1
1,0.7576,3,-3,0.7189,0.7257,1
6,0.6263,3,-2,0.6875,0.7253,1
4,0.9535,4,10,0.9524,0.7249,1
1,0.7771,4,-10,0.9214,0.7248,1
4,0.4867,2,8,0.1877,0.7247,1
1,0.7763,4,9,0.7038,0.7237,1
5,0.8321,4,-10,0.3437,0.7231,1
1,0.9314,4,-7,0.5514,0.7227,1
2,0.4628,2,8,0.0368,0.7226,1
3,0.3823,2,10,0.9904,0.7225,1
5,0.9073,4,9,0.7906,0.7221,1
1,0.3956,2,-10,0.4541,0.722,1
1,0.4166,2,-3,0.9751,0.7206,1
3,0.9776,4,-2,0.0881,0.7196,1
5,0.9486,4,-2,0.2663,0.7195,1
1,0.9879,4,6,0.9537,0.7188,1
6,0.9395,4,5,0.4474,0.7186,1
6,0.5273,3,-3,0.183,0.7142,1
4,0.984,4,2,0.5332,0.7142,1
3,0.1781,1,7,0.8866,0.7142,1
2,0.2007,1,11,0.7149,0.7137,1
3,0.4743,2,-4,0.37,0.7114,1
4,0.0427,1,-9,0.8416,0.7109,1
1,0.8053,4,8,0.5017,0.7107,1
3,0.4206,2,11,0.1241,0.7106,1
4,0.4715,2,-1,0.3124,0.7105,1
1,0.5764,3,-4,0.4497,0.71,1
1,0.7731,4,-3,0.697,0.7098,1
3,0.1104,1,-2,0.3927,0.7096,1
5,0.5905,3,8,0.7849,0.7094,1
3,0.5676,3,-5,0.8508,0.709,1
4,0.8503,4,3,0.596,0.7076,1
1,0.3387,2,-8,0.147,0.7071,1
5,0.9073,4,4,0.4201,0.7066,1
1,0.8366,4,0,0.6573,0.7065,1
1,0.5414,3,-9,0.7821,0.7063,1
5,0.3879,2,0,0.8678,0.7063,1
1,0.4105,2,-4,0.1414,0.7061,1
2,0.7903,4,11,0.9041,0.7057,1
3,0.2185,1,10,0.7713,0.7056,1
6,0.4893,2,10,0.4244,0.7048,1
2,0.0829,1,0,0.8244,0.7046,1
3,0.7284,3,-2,0.1995,0.7045,1
6,0.3762,2,-5,0.6775,0.7041,1
3,0.6087,3,9,0.8685,0.7035,1
5,0.4868,2,2,0.8492,0.7025,1
4,0.3105,2,10,0.3368,0.702,1
3,0.6546,3,-11,0.4822,0.7014,1
6,0.9746,4,3,0.8863,0.7008,1
6,0.4222,2,9,0.1138,0.6999,1
5,0.6274,3,-10,0.0513,0.6998,1
3,0.831,4,2,0.8994,0.6998,1
5,0.8551,4,7,0.2687,0.6986,1
5,0.1207,1,-3,0.1453,0.6982,1
4,0.0712,1,-11,0.9977,0.6982,1
4,0.0489,1,-3,0.503,0.6976,1
6,0.9909,4,10,0.3785,0.6975,1
4,0.3456,2,7,0.1391,0.6973,1
2,0.26,1,1,0.9585,0.6973,1
6,0.1333,1,-11,0.2618,0.6968,1
5,0.0599,1,-8,0.1927,0.6962,1
1,0.2223,1,7,0.6095,0.6951,1
2,0.3893,2,-11,0.869,0.695,1
6,0.889,4,-10,0.7767,0.6947,1
5,0.9069,4,7,0.7937,0.6946,1
3,0.2412,1,-10,0.7113,0.6941,1
4,0.4149,2,1,0.0868,0.6938,1
4,0.8306,4,4,0.204,0.6938,1
4,0.5573,3,1,0.7428,0.6938,1
4,0.074,1,-3,0.1593,0.6937,1
5,0.5707,3,2,0.7796,0.693,1
2,0.3352,2,-10,0.7615,0.6917,1
1,0.727,3,11,0.4199,0.6907,1
6,0.9487,4,11,0.709,0.689,1
2,0.5339,3,-10,0.179,0.6886,1
3,0.8316,4,-9,0.9485,0.6882,1
2,0.3412,2,-10,0.4325,0.6881,1
4,0.0875,1,4,0.4153,0.6879,1
2,0.8581,4,11,0.9039,0.6858,1
1,0.4982,2,8,0.8863,0.6848,1
2,0.7873,4,-7,0.9968,0.6848,1
3,0.6703,3,3,0.574,0.6847,1
6,0.3623,2,-1,0.9521,0.6847,1
2,0.1525,1,-4,0.2283,0.6844,1
6,0.2676,1,-11,0.1804,0.6841,1
1,0.6113,3,-8,0.9441,0.6836,1
2,0.1404,1,-6,0.3593,0.6827,1
5,0.1571,1,4,0.2555,0.6825,1
3,0.8834,4,0,0.7982,0.6824,1
2,0.5179,3,7,0.0508,0.6823,1
6,0.1318,1,1,0.7103,0.6822,1
6,0.0384,1,-2,0.9743,0.682,1
5,0.2469,1,3,0.8954,0.681,1
3,0.9849,4,-7,0.2427,0.6807,1
2,0.2962,2,5,0.8754,0.6803,1
5,0.8582,4,10,0.4062,0.6779,1
4,0.1221,1,-1,0.4981,0.6776,1
2,0.7906,4,0,0.7571,0.6769,1
6,0.6314,3,9,0.6293,0.6764,1
5,0.4861,2,-6,0.8788,0.6752,1
4,0.5939,3,-9,0.08,0.6751,1
1,0.5322,3,1,0.6986,0.6751,1
2,0.9908,4,-9,0.2132,0.675,1
5,0.9488,4,-7,0.2771,0.6744,1
4,0.5808,3,-3,0.0433,0.6742,1
6,0.4083,2,-6,0.584,0.6739,1
3,0.9126,4,-6,0.9879,0.6734,1
4,0.2069,1,-9,0.297,0.6728,1
5,0.527,3,-8,0.5456,0.6725,1
5,0.6803,3,-9,0.0816,0.6722,1
5,0.778,4,8,0.1309,0.6714,1
3,0.5006,2,2,0.7988,0.6713,1
2,0.5694,3,8,0.726,0.6705,1
6,0.6058,3,10,0.6481,0.6703,1
4,0.9382,4,9,0.1091,0.6696,1
2,0.8157,4,11,0.212,0.6696,1
1,0.2031,1,-8,0.6136,0.6695,1
5,0.2378,1,8,0.1175,0.669,1
6,0.3649,2,-5,0.2647,0.6688,1
1,0.5861,3,2,0.1513,0.6683,1
3,0.2628,1,1,0.0339,0.6674,1
1,0.2979,2,5,0.6763,0.6673,1
5,0.0884,1,-7,0.4836,0.6666,1
3,0.3028,2,8,0.0797,0.6665,1
4,0.5741,3,11,0.0835,0.666,1
3,0.7027,3,4,0.7592,0.666,1
5,0.2853,2,-2,0.718,0.6646,1
2,0.4243,2,1,0.4184,0.6641,1
6,0.5613,3,4,0.2232,0.6639,1
1,0.0494,1,0,0.655,0.6612,1
6,0.7257,3,-6,0.8558,0.6584,1
3,0.183,1,8,0.8813,0.6582,1
4,0.9893,4,7,0.0386,0.6574,1
6,0.7657,4,0,0.8428,0.657,1
1,0.256,1,1,0.5995,0.6557,1
3,0.5455,3,2,0.7771,0.6554,1
6,0.6401,3,10,0.7852,0.6551,1
3,0.3078,2,-8,0.6979,0.6543,1
3,0.6546,3,8,0.9856,0.654,1
1,0.9244,4,-11,0.221,0.6533,1
4,0.2963,2,8,0.5206,0.6522,1
4,0.5581,3,2,0.6926,0.6518,1
5,0.996,4,-2,0.2415,0.6505,1
4,0.8044,4,9,0.2315,0.6502,1
2,0.4435,2,-11,0.77,0.6501,1
2,0.903,4,-11,0.9538,0.6501,1
1,0.0485,1,-4,0.9084,0.6499,1
3,0.727,3,-4,0.1007,0.6469,1
3,0.8926,4,4,0.8506,0.6467,1
1,0.1684,1,-10,0.6116,0.6461,1
2,0.8978,4,2,0.5827,0.6449,1
3,0.1577,1,-8,0.884,0.6449,1
4,0.4819,2,-7,0.1966,0.6436,1
5,0.1405,1,-9,0.6295,0.6435,1
2,0.8436,4,-3,0.5233,0.6432,1
5,0.6689,3,10,0.2347,0.6431,1
4,0.3607,2,-10,0.1243,0.6419,1
6,0.0662,1,9,0.2997,0.641,1
4,0.7852,4,10,0.2964,0.6407,1
4,0.3358,2,-2,0.0748,0.6404,1
5,0.9883,4,-2,0.8434,0.6391,1
5,0.8829,4,8,0.6177,0.639,1
5,0.0892,1,0,0.968,0.6387,1
2,0.0695,1,10,0.3679,0.6385,1
1,0.776,4,5,0.9275,0.6385,1
3,0.2764,2,4,0.6603,0.637,1
5,0.1365,1,6,0.1898,0.6364,1
4,0.5923,3,5,0.4201,0.6362,1
4,0.5999,3,-11,0.9198,0.6362,1
1,0.0582,1,4,0.292,0.6359,1
4,0.808,4,-11,0.1971,0.6355,1
6,0.0468,1,8,0.1357,0.6354,1
6,0.1783,1,5,0.1138,0.6353,1
5,0.9118,4,7,0.277,0.6352,1
6,0.2814,2,11,0.6293,0.6348,1
6,0.804,4,6,0.5289,0.6345,1
6,0.5815,3,-5,0.8002,0.634,1
5,0.5697,3,-9,0.4443,0.632,1
5,0.0539,1,8,0.675,0.6311,1
4,0.3915,2,7,0.8079,0.6311,1
6,0.7126,3,6,0.3734,0.6306,1
1,0.1391,1,-6,0.9349,0.6305,1
2,0.4103,2,1,0.4189,0.63,1
6,0.4333,2,-4,0.6705,0.629,1
3,0.4844,2,-10,0.1169,0.6285,1
1,0.5601,3,-2,0.9204,0.6278,1
5,0.2731,2,7,0.5979,0.6276,1
2,0.1544,1,-11,0.0755,0.6273,1
6,0.5669,3,-1,0.201,0.627,1
4,0.5355,3,-7,0.2721,0.6266,1
2,0.603,3,-2,0.4838,0.6262,1
1,0.7868,4,-6,0.2106,0.6255,1
2,0.4582,2,-8,0.8513,0.625,1
4,0.204,1,-11,0.2681,0.6247,1
1,0.5688,3,-6,0.9485,0.6229,1
1,0.4925,2,1,0.2343,0.6226,1
3,0.2722,2,8,0.27,0.6223,1
2,0.8241,4,-2,0.6287,0.6221,1
4,0.9156,4,-6,0.1369,0.6203,1
5,0.6957,3,2,0.4298,0.6203,1
6,0.727,3,-6,0.2426,0.6201,1
5,0.9117,4,9,0.4449,0.62,1
1,0.0516,1,-11,0.7935,0.6184,1
6,0.7964,4,-11,0.2291,0.6182,1
5,0.0764,1,-8,0.9096,0.6182,1
2,0.8831,4,-10,0.9774,0.6178,1
2,0.3336,2,9,0.1941,0.6176,1
6,0.2954,2,-2,0.1237,0.616,1
3,0.0797,1,4,0.1344,0.6151,1
4,0.3827,2,1,0.73,0.6147,1
6,0.1853,1,5,0.5222,0.6144,1
6,0.5666,3,-6,0.6891,0.6128,1
1,0.9768,4,-2,0.5525,0.6117,1
6,0.0697,1,9,0.4299,0.6114,1
5,0.3583,2,-2,0.9689,0.6112,1
6,0.9351,4,1,0.2021,0.6105,1
3,0.3359,2,8,0.1553,0.6103,1
4,0.4182,2,0,0.9847,0.6099,1
6,0.8316,4,7,0.2268,0.6098,1
5,0.6364,3,6,0.6825,0.6094,1
2,0.2929,2,-5,0.6236,0.6093,1
4,0.8951,4,-8,0.2354,0.6081,1
2,0.7404,3,2,0.7321,0.6081,1
2,0.142,1,1,0.069,0.6079,1
5,0.7197,3,-4,0.6398,0.6078,1
4,0.698,3,-1,0.3166,0.6073,1
4,0.11,1,0,0.3313,0.6072,1
4,0.9977,4,-8,0.8701,0.6067,1
5,0.5299,3,9,0.7807,0.6065,1
3,0.2889,2,-9,0.2709,0.6053,1
5,0.9146,4,10,0.7431,0.6052,1
5,0.7589,3,-1,0.2945,0.6048,1
1,0.1879,1,3,0.1567,0.6035,1
4,0.6577,3,5,0.2341,0.6029,1
6,0.265,1,-2,0.7483,0.6024,1
2,0.5743,3,10,0.4808,0.6019,1
4,0.0802,1,-8,0.9812,0.6018,1
6,0.5395,3,1,0.0587,0.6016,1
2,0.3482,2,-6,0.0626,0.6016,1
5,0.1612,1,-2,0.7499,0.5994,1
6,0.5753,3,6,0.6489,0.5976,1
1,0.582,3,8,0.874,0.5973,1
1,0.9587,4,8,0.9411,0.5972,1
4,0.3817,2,9,0.4832,0.596,1
6,0.2455,1,0,0.2257,0.5946,1
6,0.1683,1,2,0.535,0.5941,1
5,0.3341,2,-5,0.7887,0.5941,1
3,0.4915,2,10,0.9331,0.5915,1
5,0.7778,4,4,0.837,0.5914,1
2,0.5536,3,-8,0.0462,0.5911,1
6,0.6233,3,5,0.7384,0.5901,1
3,0.9115,4,-11,0.1616,0.5892,1
3,0.0656,1,-6,0.4345,0.5887,1
3,0.5736,3,7,0.8213,0.5887,1
2,0.7841,4,2,0.8203,0.5883,1
5,0.292,2,7,0.9276,0.588,1
5,0.8058,4,-11,0.8315,0.5871,1
4,0.2933,2,6,0.1947,0.5861,1
3,0.2956,2,-4,0.7613,0.5855,1
5,0.4383,2,11,0.9193,0.5855,1
3,0.115,1,11,0.5462,0.5852,1
1,0.8376,4,-6,0.6792,0.5848,1
2,0.9018,4,-10,0.1507,0.5847,1
2,0.0569,1,-8,0.5415,0.5841,1
5,0.9661,4,-8,0.3011,0.5836,1
2,0.9494,4,-2,0.9225,0.5835,1
5,0.6784,3,-4,0.2857,0.5829,1
6,0.3428,2,-1,0.1692,0.5815,1
5,0.7455,3,5,0.5274,0.5813,1
1,0.4021,2,-3,0.8375,0.5809,1
6,0.2781,2,5,0.7683,0.5808,1
2,0.538,3,-1,0.9843,0.5803,1
5,0.0844,1,5,0.3356,0.5797,1
1,0.6316,3,-2,0.6778,0.5791,1
1,0.7132,3,-7,0.8128,0.5791,1
5,0.8517,4,-7,0.2036,0.5787,1
5,0.9126,4,7,0.1795,0.5774,1
5,0.7583,3,-9,0.5393,0.5759,1
6,0.6839,3,-2,0.2015,0.5756,1
2,0.8488,4,4,0.1199,0.5755,1
2,0.4117,2,4,0.4883,0.575,1
5,0.3072,2,-2,0.6299,0.5744,1
6,0.6282,3,10,0.2184,0.574,1
6,0.1112,1,4,0.7528,0.5734,1
5,0.7216,3,-1,0.0442,0.573,1
5,0.7603,3,-4,0.2898,0.5728,1
4,0.908,4,-3,0.662,0.5727,1
5,0.5541,3,3,0.0824,0.5724,1
3,0.4513,2,5,0.5825,0.5714,1
3,0.6783,3,7,0.7219,0.5709,1
6,0.4247,2,9,0.8022,0.5694,1
1,0.9619,4,11,0.3182,0.5686,1
1,0.0737,1,4,0.0661,0.5684,1
2,0.1605,1,1,0.1937,0.5671,1
4,0.8811,4,10,0.783,0.5661,1
3,0.5665,3,-11,0.9725,0.5649,1
2,0.0494,1,-3,0.6161,0.5637,1
6,0.3609,2,-9,0.3865,0.561,1
6,0.2015,1,-4,0.703,0.5601,1
2,0.4112,2,8,0.2983,0.5593,1
5,0.5834,3,-7,0.1823,0.5578,1
5,0.7781,4,7,0.1457,0.5577,1
2,0.9502,4,-11,0.2024,0.5575,1
3,0.0873,1,-11,0.8047,0.5569,1
1,0.3418,2,11,0.8397,0.5562,1
2,0.8711,4,-10,0.7929,0.5561,1
6,0.376,2,10,0.893,0.5559,1
1,0.3897,2,-7,0.4091,0.5557,1
4,0.3898,2,6,0.4939,0.5557,1
1,0.0521,1,7,0.2929,0.5555,1
6,0.0493,1,11,0.8926,0.5553,1
5,0.5925,3,11,0.8366,0.555,1
4,0.7135,3,-9,0.6543,0.5547,1
6,0.1463,1,6,0.6466,0.5543,1
4,0.2172,1,-1,0.7655,0.5542,1
1,0.5942,3,7,0.9283,0.5539,1
3,0.4905,2,-2,0.5433,0.5531,1
1,0.9769,4,-6,0.2252,0.5526,1
3,0.2639,1,10,0.524,0.5525,1
1,0.9833,4,5,0.4242,0.5514,1
6,0.2352,1,2,0.6395,0.5513,1
5,0.6131,3,-1,0.451,0.551,1
1,0.5342,3,-7,0.3094,0.5487,1
5,0.4699,2,-4,0.6956,0.5484,1
6,0.7152,3,2,0.8909,0.5484,1
3,0.7639,4,-1,0.1711,0.548,1
1,0.1715,1,-11,0.3025,0.5465,1
6,0.967,4,-9,0.2136,0.5457,1
5,0.4892,2,-2,0.1378,0.545,1
6,0.1602,1,-3,0.2891,0.5443,1
4,0.364,2,4,0.1726,0.5441,1
6,0.3498,2,-9,0.4774,0.5441,1
2,0.4139,2,-7,0.4164,0.542,1
5,0.0341,1,-3,0.1849,0.5413,1
5,0.9062,4,-7,0.9209,0.541,1
2,0.0688,1,1,0.1713,0.5407,1
3,0.5486,3,0,0.3606,0.5399,1
6,0.9364,4,-6,0.9589,0.5397,1
6,0.833,4,1,0.8894,0.5396,1
1,0.2858,2,-9,0.7516,0.5395,1
5,0.5344,3,-6,0.0942,0.5379,1
1,0.0974,1,2,0.7866,0.5371,1
1,0.096,1,4,0.3778,0.537,1
5,0.5584,3,4,0.9168,0.5366,1
5,0.2157,1,-6,0.4311,0.5365,1
6,0.6975,3,-3,0.6655,0.5364,1
3,0.7236,3,-11,0.5517,0.5362,1
2,0.46,2,6,0.83,0.536,1
5,0.0479,1,-4,0.3534,0.5357,1
2,0.5142,3,1,0.9764,0.5355,1
1,0.4712,2,-1,0.8382,0.5352,1
1,0.0929,1,-9,0.4794,0.5341,1
1,0.846,4,4,0.7499,0.5332,1
6,0.1939,1,-7,0.8278,0.533,1
2,0.1327,1,-8,0.5136,0.5328,1
5,0.9334,4,3,0.2913,0.5322,1
2,0.4624,2,5,0.086,0.5319,1
4,0.1758,1,8,0.0812,0.5312,0
1,0.7193,3,-6,0.6161,0.5312,1
3,0.3011,2,-3,0.4959,0.5311,0
6,0.0378,1,-7,0.7536,0.5303,1
3,0.0624,1,3,0.5097,0.5295,1
3,0.3739,2,-11,0.5646,0.5295,0
3,0.3742,2,-1,0.2862,0.5292,0
2,0.5745,3,-9,0.1115,0.5281,0
3,0.3758,2,-11,0.1451,0.5278,0
5,0.356,2,1,0.6227,0.5272,0
3,0.4769,2,-4,0.9202,0.527,0
5,0.0634,1,-9,0.1746,0.5262,0
5,0.2416,1,9,0.6773,0.5259,0
3,0.9801,4,2,0.0396,0.5257,1
6,0.6677,3,6,0.2816,0.5253,0
6,0.1107,1,-4,0.65,0.5246,0
5,0.9585,4,-10,0.3569,0.524,0
3,0.4139,2,-3,0.5019,0.524,1
2,0.3736,2,11,0.5982,0.524,1
1,0.6053,3,2,0.6126,0.5237,0
6,0.9893,4,3,0.5054,0.5236,1
1,0.0674,1,8,0.4384,0.5234,0
4,0.3772,2,-4,0.2145,0.5229,0
5,0.1621,1,-1,0.4626,0.5227,0
4,0.7729,4,-4,0.9121,0.5221,0
4,0.0724,1,1,0.1775,0.5219,1
1,0.9407,4,2,0.6828,0.5219,1
3,0.8761,4,3,0.8498,0.5215,0
4,0.8646,4,8,0.8824,0.5212,1
2,0.9105,4,-9,0.3937,0.5204,1
4,0.0571,1,-5,0.0731,0.5203,1
3,0.4446,2,-3,0.1474,0.5196,0
1,0.3995,2,11,0.4246,0.5193,0
3,0.7612,4,10,0.4484,0.5179,0
5,0.4072,2,-8,0.0903,0.5178,1
2,0.1759,1,11,0.0623,0.5175,0
5,0.3214,2,-3,0.5148,0.5173,1
2,0.0627,1,8,0.121,0.5152,1
4,0.8028,4,-5,0.8958,0.5148,0
5,0.3215,2,3,0.9461,0.5143,0
5,0.0963,1,-1,0.5081,0.5126,1
2,0.9055,4,-9,0.2515,0.5122,1
6,0.1538,1,-6,0.1877,0.5102,0
6,0.8978,4,-3,0.8808,0.5098,1
1,0.5096,2,-8,0.8644,0.5063,1
3,0.2594,1,5,0.9285,0.5061,0
5,0.3328,2,-6,0.3311,0.5058,0
6,0.7898,4,9,0.9242,0.5045,0
1,0.5137,3,-1,0.6611,0.5044,1
6,0.1486,1,6,0.6602,0.5036,0
1,0.0502,1,11,0.3688,0.5026,1
6,0.4134,2,1,0.4083,0.5025,1
2,0.4255,2,10,0.2395,0.5023,0
3,0.0262,1,-6,0.9466,0.5016,0
5,0.4959,2,-4,0.3581,0.5014,0
5,0.7742,4,-11,0.9724,0.5014,1
4,0.2911,2,-9,0.1574,0.5009,0
5,0.1953,1,1,0.4831,0.5005,1
4,0.7081,3,1,0.0332,0.5003,0
1,0.9791,4,-6,0.1053,0.4997,0
4,0.4542,2,8,0.7489,0.4993,0
1,0.8889,4,-4,0.4383,0.4988,1
3,0.3593,2,0,0.1724,0.4968,1
1,0.7469,3,-2,0.8562,0.4968,0
4,0.7157,3,7,0.4577,0.4967,1
3,0.1902,1,5,0.3768,0.4966,0
1,0.9298,4,-5,0.2315,0.4964,0
3,0.0685,1,-9,0.839,0.4962,0
6,0.9646,4,9,0.3072,0.496,0
3,0.3372,2,-1,0.7639,0.496,1
6,0.6157,3,10,0.785,0.4951,1
5,0.487,2,-10,0.7124,0.4947,0
3,0.082,1,-4,0.7168,0.4936,1
2,0.4965,2,-1,0.0427,0.4935,0
3,0.6945,3,-1,0.064,0.4933,1
2,0.8672,4,9,0.5113,0.4929,1
5,0.3643,2,8,0.1341,0.4927,0
6,0.8303,4,-6,0.62,0.4926,0
5,0.776,4,-6,0.0838,0.4924,1
2,0.655,3,-3,0.5645,0.4921,1
2,0.575,3,9,0.4247,0.4918,1
3,0.1747,1,-11,0.7698,0.4917,1
1,0.3009,2,6,0.1125,0.4911,0
4,0.2709,1,-6,0.4562,0.4902,1
6,0.381,2,-2,0.2863,0.4899,0
1,0.9823,4,-9,0.2367,0.4898,1
1,0.8,4,-3,0.8137,0.4897,0
3,0.7768,4,-9,0.5004,0.4893,1
3,0.829,4,-8,0.338,0.4883,0
4,0.8557,4,-1,0.7257,0.4883,1
3,0.774,4,6,0.9623,0.4883,0
5,0.0621,1,0,0.7208,0.4881,0
6,0.2041,1,7,0.1348,0.4879,1
2,0.1567,1,-9,0.9495,0.4877,0
3,0.0768,1,-5,0.1093,0.4874,1
6,0.4513,2,-7,0.6901,0.4853,0
4,0.4974,2,8,0.4749,0.4848,0
3,0.8747,4,-3,0.1671,0.4837,0
5,0.7764,4,9,0.1783,0.4834,0
6,0.9156,4,4,0.5343,0.483,0
6,0.4644,2,-8,0.5326,0.4828,0
6,0.7584,3,5,0.4066,0.4823,1
6,0.7248,3,8,0.529,0.4822,1
2,0.3807,2,7,0.8707,0.4814,1
6,0.9662,4,6,0.466,0.4805,1
5,0.497,2,-5,0.9111,0.4799,0
1,0.5574,3,5,0.1292,0.4794,1
5,0.3218,2,-10,0.829,0.4793,1
5,0.6912,3,-5,0.4055,0.4782,1
6,0.8399,4,-6,0.7633,0.4781,0
5,0.2309,1,-6,0.3718,0.4778,0
5,0.2987,2,8,0.6151,0.4773,1
2,0.7636,4,0,0.1996,0.4766,1
5,0.2138,1,-1,0.3932,0.4747,1
1,0.1837,1,4,0.1761,0.4746,1
5,0.8944,4,11,0.0387,0.4741,1
3,0.3103,2,9,0.365,0.4736,1
2,0.2664,1,-9,0.9855,0.4734,1
5,0.3294,2,-1,0.0662,0.4729,0
5,0.7552,3,1,0.058,0.4719,1
6,0.8287,4,5,0.4114,0.4715,1
2,0.4459,2,-10,0.437,0.4715,0
1,0.46,2,7,0.68,0.4703,1
2,0.7366,3,-7,0.9301,0.4696,1
4,0.3586,2,-10,0.072,0.4684,0
4,0.5485,3,-3,0.8946,0.4684,1
4,0.8749,4,6,0.8503,0.468,1
6,0.9747,4,-10,0.5943,0.4675,0
2,0.1443,1,4,0.4351,0.4672,0
5,0.4334,2,-4,0.1756,0.4669,1
5,0.0398,1,9,0.2759,0.4667,0
6,0.5304,3,-8,0.4484,0.4659,0
5,0.198,1,-1,0.5319,0.4659,1
5,0.529,3,-7,0.2252,0.4658,1
4,0.771,4,1,0.6057,0.4658,1
4,0.4219,2,-7,0.4991,0.4642,1
6,0.9587,4,-11,0.9907,0.4642,1
2,0.8004,4,9,0.2485,0.4634,0
5,0.4154,2,7,0.3534,0.4633,0
1,0.0944,1,2,0.5329,0.4631,1
3,0.3366,2,6,0.9517,0.463,0
1,0.2024,1,7,0.3832,0.4616,0
5,0.4821,2,-4,0.0774,0.4614,1
5,0.7956,4,-6,0.1073,0.4606,0
6,0.3768,2,-7,0.71,0.4604,0
1,0.8195,4,7,0.7267,0.4601,0
3,0.2038,1,7,0.1148,0.4596,0
4,0.196,1,2,0.5953,0.4596,1
4,0.2599,1,-9,0.8895,0.4591,1
6,0.6295,3,1,0.5261,0.4588,1
6,0.3746,2,6,0.1249,0.4587,0
3,0.0599,1,-11,0.06,0.4585,0
1,0.1012,1,6,0.4057,0.4585,0
6,0.3427,2,-2,0.0738,0.4576,1
5,0.7835,4,-10,0.7904,0.4564,1
4,0.9395,4,3,0.8165,0.4562,1
1,0.9609,4,3,0.3911,0.4558,0
5,0.6084,3,10,0.2066,0.4542,0
4,0.8886,4,-6,0.2221,0.4539,0
4,0.699,3,-8,0.1054,0.4528,0
2,0.1976,1,-11,0.8969,0.4521,0
3,0.5716,3,-2,0.5615,0.4519,1
1,0.858,4,-6,0.3867,0.4514,1
1,0.2798,2,-6,0.5204,0.4514,0
5,0.8956,4,-8,0.3435,0.4503,1
2,0.897,4,3,0.3611,0.4497,0
3,0.2689,1,-7,0.5385,0.4495,0
1,0.9493,4,8,0.8481,0.4495,0
6,0.905,4,-8,0.3522,0.4485,1
3,0.69,3,-11,0.1832,0.4478,1
6,0.5048,2,-4,0.4621,0.4476,0
5,0.8812,4,-10,0.3613,0.4472,1
4,0.1558,1,0,0.9024,0.4468,1
4,0.7826,4,-9,0.9048,0.4468,0
2,0.7787,4,-7,0.9899,0.446,0
6,0.1345,1,-8,0.0464,0.4459,0
2,0.8012,4,-5,0.8318,0.4447,1
4,0.2827,2,-8,0.6693,0.4441,0
4,0.309,2,5,0.1353,0.4436,0
5,0.5314,3,5,0.2606,0.4428,0
3,0.9175,4,10,0.2038,0.4416,0
6,0.5646,3,1,0.0685,0.4413,1
3,0.2987,2,-7,0.5365,0.4405,0
2,0.6315,3,9,0.2107,0.4392,1
6,0.2089,1,9,0.3865,0.4385,0
4,0.1942,1,-2,0.7736,0.4374,0
3,0.8272,4,3,0.6382,0.4373,1
1,0.9081,4,-10,0.2489,0.4364,0
1,0.2779,2,-1,0.538,0.4363,0
3,0.9219,4,2,0.0485,0.436,1
2,0.6944,3,-3,0.437,0.4351,0
4,0.8526,4,8,0.6167,0.4347,1
5,0.2776,2,-9,0.9258,0.4318,0
1,0.1461,1,-8,0.413,0.4313,0
4,0.743,3,5,0.1246,0.4311,0
6,0.3422,2,-2,0.25,0.4307,1
4,0.0848,1,10,0.5412,0.4306,1
2,0.4173,2,5,0.2479,0.4285,0
5,0.8961,4,10,0.8341,0.4278,1
6,0.3028,2,9,0.2883,0.4273,0
2,0.2347,1,11,0.6586,0.4271,1
1,0.2348,1,-9,0.3445,0.427,0
4,0.5352,3,-3,0.8467,0.4267,0
1,0.3232,2,5,0.6119,0.4266,1
3,0.5788,3,8,0.4737,0.4244,1
5,0.9436,4,8,0.589,0.4244,1
6,0.4192,2,-8,0.2695,0.4236,0
1,0.348,2,0,0.1797,0.4234,1
1,0.6217,3,1,0.3767,0.423,1
4,0.3179,2,-2,0.8323,0.4227,1
2,0.3419,2,1,0.3613,0.422,0
6,0.2896,2,10,0.3723,0.4214,1
6,0.4454,2,-4,0.4527,0.4209,1
1,0.0813,1,3,0.3024,0.4198,1
1,0.1065,1,-5,0.4823,0.4197,0
5,0.9657,4,-1,0.2309,0.4195,0
2,0.7477,3,10,0.3707,0.4192,1
4,0.2057,1,5,0.7437,0.4191,0
6,0.7749,4,-4,0.476,0.4189,0
5,0.5122,3,-7,0.9391,0.4188,0
2,0.8409,4,-6,0.5245,0.4187,0
6,0.5704,3,8,0.1575,0.4182,0
1,0.0345,1,-7,0.295,0.4177,0
2,0.5294,3,5,0.9152,0.4172,0
1,0.6775,3,-2,0.9325,0.4172,0
2,0.0512,1,11,0.2885,0.4171,0
1,0.718,3,-6,0.6241,0.4166,1
1,0.514,3,-1,0.8576,0.4163,1
4,0.7089,3,-7,0.4098,0.4161,0
2,0.3978,2,3,0.6029,0.416,0
1,0.6975,3,-8,0.652,0.4159,1
3,0.9074,4,0,0.9578,0.4156,1
1,0.273,2,9,0.5212,0.4153,1
4,0.8344,4,5,0.5794,0.415,1
5,0.6871,3,-11,0.1205,0.4142,0
6,0.6913,3,2,0.8292,0.4119,0
5,0.8999,4,5,0.8292,0.4112,1
2,0.1093,1,3,0.8424,0.4112,1
6,0.7804,4,-4,0.5811,0.4109,0
6,0.2965,2,-9,0.9532,0.4109,1
3,0.1657,1,4,0.2716,0.4105,0
2,0.5117,3,4,0.136,0.4102,0
3,0.7552,3,4,0.8904,0.4102,1
4,0.6278,3,-11,0.9175,0.4097,1
2,0.7083,3,8,0.9313,0.4091,1
1,0.6516,3,-2,0.3073,0.4078,1
4,0.7438,3,6,0.1541,0.4069,0
5,0.5703,3,-11,0.0519,0.4064,0
4,0.6689,3,9,0.9959,0.4062,1
3,0.5316,3,-6,0.16,0.4059,1
4,0.9773,4,3,0.1821,0.4053,0
1,0.56,3,-7,0.7162,0.405,0
1,0.9799,4,-8,0.081,0.4035,0
2,0.7814,4,3,0.4792,0.403,1
1,0.6425,3,0,0.9357,0.403,0
3,0.7503,3,2,0.5351,0.4028,0
3,0.2273,1,7,0.2958,0.402,0
2,0.7069,3,0,0.8439,0.4018,0
5,0.3232,2,-11,0.8654,0.4009,1
2,0.788,4,-6,0.8435,0.4007,1
5,0.626,3,2,0.1679,0.4004,0
4,0.5675,3,-10,0.0534,0.4001,0
1,0.8233,4,-7,0.3324,0.3998,0
4,0.7751,4,-10,0.1607,0.3997,1
6,0.0721,1,-3,0.2081,0.3997,1
5,0.6327,3,-2,0.5276,0.3997,1
4,0.8088,4,-10,0.7716,0.3997,0
5,0.4496,2,-11,0.8316,0.3997,0
4,0.1716,1,0,0.4492,0.3996,0
2,0.9258,4,-5,0.222,0.3986,0
1,0.7713,4,5,0.732,0.3982,1
6,0.3229,2,-1,0.8197,0.398,0
3,0.3408,2,-8,0.646,0.3977,0
6,0.1859,1,3,0.2202,0.3973,0
6,0.301,2,-1,0.5177,0.3965,0
3,0.9506,4,-5,0.2832,0.3962,1
2,0.385,2,0,0.9251,0.396,1
6,0.1794,1,-2,0.3247,0.3955,0
3,0.1728,1,-11,0.3198,0.3945,1
5,0.9015,4,2,0.0607,0.3944,0
4,0.0893,1,-11,0.732,0.394,0
3,0.689,3,-11,0.5932,0.3922,0
2,0.1544,1,-2,0.9479,0.3921,0
5,0.7477,3,-7,0.5438,0.392,0
3,0.6906,3,5,0.1623,0.3908,1
3,0.2807,2,9,0.1713,0.3908,0
6,0.5086,2,5,0.7906,0.3903,1
6,0.4683,2,-1,0.8938,0.39,1
5,0.581,3,-1,0.627,0.389,1
5,0.7539,3,-1,0.3963,0.3882,1
5,0.5507,3,1,0.2488,0.3868,0
6,0.318,2,1,0.0895,0.3866,0
2,0.9805,4,3,0.7781,0.3859,0
5,0.3733,2,-2,0.8036,0.3857,0
6,0.4031,2,-1,0.6462,0.3849,1
3,0.1195,1,5,0.7775,0.3849,1
2,0.486,2,4,0.0441,0.3845,0
6,0.0519,1,3,0.3592,0.3845,0
2,0.8629,4,-6,0.2091,0.3843,0
3,0.3981,2,11,0.9391,0.3841,1
6,0.6143,3,-9,0.8223,0.3836,0
2,0.2511,1,4,0.1022,0.3828,0
5,0.8516,4,2,0.9541,0.3828,0
5,0.352,2,5,0.8323,0.3826,0
6,0.6042,3,5,0.3999,0.3821,0
4,0.9147,4,-3,0.3207,0.3819,1
5,0.9103,4,2,0.4965,0.3815,0
5,0.1825,1,0,0.7144,0.381,1
4,0.7511,3,4,0.8233,0.3809,1
4,0.1704,1,6,0.1148,0.3791,0
5,0.7328,3,-2,0.1131,0.3789,1
3,0.0856,1,11,0.3737,0.3787,0
5,0.2073,1,7,0.7454,0.3775,1
6,0.7955,4,10,0.0853,0.377,1
1,0.6936,3,-10,0.3172,0.377,1
5,0.5274,3,1,0.4051,0.3743,0
3,0.2648,1,0,0.0352,0.373,0
6,0.1073,1,-8,0.6682,0.3716,1
2,0.1979,1,-5,0.8861,0.3714,1
5,0.6354,3,-11,0.0395,0.3697,1
3,0.9723,4,-11,0.4616,0.3697,1
4,0.0493,1,0,0.5045,0.3697,1
6,0.33,2,-5,0.2698,0.3696,0
2,0.7937,4,-8,0.3584,0.3693,1
1,0.7021,3,-8,0.7284,0.3691,1
5,0.9226,4,5,0.4489,0.3674,0
2,0.8157,4,11,0.8679,0.3667,1
3,0.5282,3,6,0.0439,0.3666,0
4,0.3076,2,-8,0.619,0.3654,1
6,0.103,1,-3,0.7305,0.3653,0
4,0.7716,4,-5,0.5197,0.365,0
5,0.6261,3,-7,0.622,0.3649,1
3,0.3012,2,-5,0.4087,0.3647,1
5,0.6223,3,-10,0.472,0.3635,0
2,0.6811,3,-1,0.2737,0.3629,1
6,0.2194,1,-5,0.2408,0.3623,0
4,0.8054,4,3,0.302,0.3621,1
5,0.6971,3,-4,0.1724,0.3617,1
4,0.3406,2,-3,0.038,0.3615,0
4,0.5722,3,9,0.8823,0.3614,0
2,0.5111,2,11,0.7082,0.3609,0
5,0.3763,2,2,0.3895,0.3601,0
6,0.7978,4,10,0.3781,0.3598,0
3,0.1138,1,1,0.5864,0.3597,0
2,0.9715,4,-4,0.3078,0.3588,1
1,0.7552,3,10,0.8009,0.3588,1
6,0.5486,3,4,0.8164,0.3588,0
4,0.7848,4,1,0.6541,0.3581,0
4,0.567,3,6,0.3619,0.358,1
5,0.2048,1,-7,0.4147,0.358,1
2,0.1472,1,8,0.5665,0.3579,0
2,0.6316,3,-4,0.9689,0.3572,0
5,0.8092,4,8,0.2872,0.3569,1
1,0.2787,2,2,0.8786,0.3563,0
6,0.5379,3,4,0.2988,0.3553,1
3,0.2953,2,9,0.9484,0.3543,0
5,0.8504,4,10,0.2011,0.354,1
6,0.8993,4,11,0.1784,0.3532,0
1,0.2242,1,-9,0.0705,0.3531,0
4,0.6025,3,3,0.3658,0.3525,1
1,0.6839,3,4,0.1036,0.3521,0
6,0.9648,4,-11,0.4075,0.3511,0
4,0.5172,3,8,0.5945,0.3511,1
5,0.682,3,6,0.5088,0.3507,1
2,0.5565,3,-8,0.785,0.3507,0
2,0.5548,3,-10,0.4022,0.3501,1
4,0.305,2,-8,0.7715,0.3499,1
6,0.2879,2,-8,0.4843,0.3481,0
3,0.477,2,-6,0.2965,0.3477,0
1,0.8926,4,-11,0.1565,0.3476,0
1,0.2851,2,3,0.7152,0.3475,1
1,0.1167,1,-7,0.4931,0.3472,0
4,0.8746,4,3,0.4152,0.3463,0
2,0.0316,1,-9,0.5879,0.3462,1
1,0.8581,4,2,0.1367,0.3457,1
1,0.0873,1,-8,0.6379,0.3457,0
3,0.6692,3,10,0.057,0.3454,0
1,0.8766,4,3,0.0889,0.3435,0
4,0.718,3,-11,0.891,0.3435,0
4,0.3919,2,0,0.9964,0.3434,1
3,0.7841,4,-7,0.209,0.3429,0
1,0.2853,2,-4,0.7875,0.3419,0
3,0.1822,1,-4,0.0627,0.3403,0
1,0.8859,4,-6,0.6584,0.3402,0
4,0.069,1,10,0.938,0.3402,1
2,0.9073,4,8,0.3333,0.34,0
5,0.757,3,-10,0.059,0.3392,0
1,0.1025,1,-9,0.1127,0.339,1
2,0.1482,1,-5,0.9206,0.3387,0
1,0.2932,2,7,0.1864,0.3385,0
3,0.8491,4,7,0.3531,0.338,1
5,0.2387,1,4,0.9175,0.3364,1
4,0.5872,3,1,0.6152,0.336,1
1,0.406,2,-7,0.4722,0.3356,0
2,0.3263,2,6,0.2908,0.3355,0
4,0.3698,2,-3,0.3808,0.3354,1
5,0.7227,3,11,0.6557,0.3352,0
1,0.1621,1,2,0.5534,0.3351,0
4,0.1611,1,-5,0.1424,0.3347,0
4,0.0521,1,-6,0.1479,0.3344,0
1,0.1598,1,5,0.6857,0.3344,1
5,0.9068,4,6,0.7976,0.3332,1
5,0.7468,3,0,0.2402,0.3331,1
3,0.0678,1,9,0.21,0.3327,0
2,0.1014,1,-3,0.7396,0.3326,1
6,0.4627,2,0,0.6548,0.3319,0
6,0.6723,3,5,0.4923,0.3317,0
2,0.476,2,0,0.427,0.3315,1
6,0.7213,3,2,0.6701,0.3311,1
6,0.4637,2,8,0.6641,0.3308,0
1,0.6005,3,-7,0.6747,0.3307,0
6,0.1096,1,-10,0.4105,0.3301,0
3,0.6435,3,-4,0.5667,0.3301,0
1,0.8317,4,-10,0.259,0.3298,0
6,0.6984,3,-10,0.336,0.3295,1
2,0.7591,3,-3,0.0484,0.3275,0
3,0.7065,3,11,0.4084,0.3274,1
1,0.0474,1,8,0.5719,0.3263,0
6,0.6746,3,4,0.9144,0.3261,0
2,0.7842,4,-3,0.3464,0.3259,1
1,0.9061,4,5,0.2153,0.325,0
4,0.058,1,-9,0.4777,0.325,1
2,0.2262,1,-9,0.7226,0.325,1
3,0.8024,4,11,0.5113,0.3245,1
4,0.0514,1,0,0.3072,0.324,1
5,0.7466,3,9,0.8717,0.324,1
4,0.1353,1,-1,0.1652,0.3235,0
1,0.6131,3,-3,0.9175,0.3233,1
1,0.2646,1,-11,0.4412,0.3232,0
3,0.8003,4,10,0.1694,0.3229,0
1,0.4336,2,-4,0.6724,0.3223,1
4,0.2014,1,-7,0.0565,0.3216,0
3,0.4343,2,10,0.3859,0.3214,0
6,0.1891,1,8,0.4416,0.3205,0
6,0.9817,4,2,0.5914,0.3202,1
4,0.5561,3,-9,0.4637,0.3194,0
4,0.2839,2,11,0.226,0.3173,1
1,0.2943,2,3,0.1391,0.3168,0
2,0.6796,3,-1,0.4391,0.3163,0
4,0.209,1,-2,0.621,0.3154,1
3,0.756,3,11,0.36,0.314,1
5,0.7213,3,7,0.3872,0.3137,0
4,0.2906,2,-1,0.6922,0.3128,1
1,0.2083,1,4,0.634,0.3122,1
6,0.9386,4,2,0.0335,0.3121,0
2,0.2128,1,-6,0.7867,0.312,0
3,0.0523,1,-3,0.169,0.3117,0
4,0.8563,4,1,0.2104,0.3112,0
1,0.8975,4,-3,0.4196,0.3112,1
4,0.6194,3,-5,0.652,0.3111,1
6,0.8076,4,6,0.4816,0.3109,1
6,0.5139,3,8,0.267,0.3102,0
2,0.5524,3,-7,0.6185,0.3093,1
1,0.0627,1,-9,0.3526,0.309,0
6,0.7815,4,-10,0.435,0.309,1
4,0.4051,2,2,0.2826,0.3089,1
4,0.282,2,1,0.8258,0.3089,0
2,0.8547,4,-6,0.5773,0.3088,0
3,0.33,2,-6,0.7032,0.3088,1
4,0.8454,4,-3,0.6878,0.3081,0
1,0.1868,1,6,0.6796,0.3074,0
6,0.9455,4,-8,0.3385,0.3072,1
2,0.0716,1,-11,0.5428,0.3065,0
3,0.4318,2,-9,0.2453,0.3061,1
1,0.8053,4,6,0.433,0.3056,1
4,0.6526,3,9,0.2866,0.3049,0
6,0.3386,2,-2,0.0279,0.3048,0
1,0.509,2,-4,0.4686,0.3048,1
2,0.8776,4,-8,0.3912,0.304,0
1,0.9415,4,5,0.2795,0.3039,1
6,0.1748,1,-10,0.8903,0.3036,0
3,0.3527,2,-7,0.4481,0.3031,1
2,0.2074,1,8,0.2297,0.3028,0
3,0.5681,3,-2,0.3594,0.3027,1
5,0.3495,2,4,0.1642,0.3026,0
5,0.9308,4,10,0.4517,0.3025,0
3,0.526,3,-8,0.1779,0.3022,0
5,0.9171,4,4,0.278,0.3021,1
3,0.0616,1,3,0.9031,0.3011,0
4,0.0663,1,-7,0.2375,0.3008,0
2,0.2732,2,-8,0.3064,0.3008,0
2,0.8199,4,-1,0.5504,0.3005,0
5,0.3215,2,10,0.5716,0.3002,0
5,0.3315,2,-6,0.6886,0.2998,1
5,0.4021,2,-3,0.4228,0.2993,1
2,0.2018,1,7,0.7387,0.2985,1
1,0.5122,3,-3,0.898,0.2982,1
3,0.9529,4,8,0.6021,0.2972,1
3,0.5925,3,10,0.4558,0.2959,1
3,0.3939,2,-6,0.6593,0.2953,1
2,0.4694,2,-11,0.5764,0.2951,1
4,0.7237,3,3,0.2904,0.2947,0
3,0.7432,3,9,0.6287,0.2938,0
4,0.4888,2,5,0.7462,0.2934,1
5,0.1897,1,-6,0.6709,0.293,0
6,0.1269,1,-4,0.6831,0.2928,0
5,0.5325,3,7,0.8559,0.2918,0
6,0.3324,2,3,0.2907,0.2912,1
1,0.6327,3,3,0.2062,0.2904,1
1,0.2035,1,-4,0.3708,0.2898,1
3,0.9717,4,-7,0.9841,0.2892,0
2,0.1376,1,11,0.2652,0.289,0
1,0.9283,4,-10,0.4609,0.2884,1
2,0.3106,2,5,0.69,0.2872,0
3,0.8698,4,-5,0.2838,0.2871,1
2,0.8579,4,-4,0.6204,0.2863,1
1,0.3179,2,2,0.759,0.2863,1
4,0.9284,4,8,0.93,0.2853,0
1,0.2449,1,5,0.35,0.2851,0
2,0.3199,2,6,0.4277,0.2847,1
1,0.4854,2,7,0.2004,0.2843,0
5,0.3082,2,-9,0.6878,0.2839,1
2,0.1813,1,-1,0.1796,0.2838,1
4,0.8833,4,-10,0.5993,0.2834,0
2,0.0333,1,1,0.0462,0.2833,1
6,0.826,4,-2,0.3902,0.2811,1
2,0.5544,3,-7,0.2148,0.2807,1
5,0.1558,1,-11,0.7079,0.2804,1
5,0.3836,2,1,0.5685,0.28,0
6,0.9227,4,9,0.1333,0.2798,0
1,0.8929,4,10,0.34,0.279,1
3,0.2427,1,7,0.7894,0.2786,1
5,0.2408,1,-7,0.1918,0.2774,1
5,0.9914,4,6,0.4715,0.2772,1
3,0.8101,4,8,0.508,0.277,0
1,0.1094,1,10,0.773,0.2763,0
4,0.5223,3,0,0.6614,0.2757,0
6,0.8446,4,-4,0.861,0.2751,0
5,0.0416,1,-5,0.797,0.2746,1
2,0.4379,2,1,0.1959,0.2743,1
4,0.7525,3,1,0.6495,0.2726,1
1,0.0289,1,-6,0.1556,0.2723,0
6,0.4531,2,-3,0.6918,0.2716,0
3,0.8326,4,-3,0.8233,0.2714,0
4,0.9341,4,-8,0.9304,0.2712,0
6,0.5386,3,-11,0.889,0.271,0
5,0.2064,1,7,0.1348,0.2709,0
2,0.623,3,3,0.5937,0.2702,1
1,0.4679,2,-6,0.7868,0.2701,0
2,0.7229,3,3,0.7762,0.27,1
2,0.1595,1,4,0.1221,0.2694,0
3,0.8258,4,-9,0.9935,0.2677,1
6,0.6204,3,-6,0.8406,0.2671,1
1,0.8633,4,6,0.4582,0.2664,1
5,0.876,4,4,0.5133,0.2664,1
1,0.4222,2,-1,0.3648,0.2663,0
2,0.7261,3,11,0.834,0.2661,1
5,0.3742,2,4,0.1144,0.2652,1
6,0.5169,3,3,0.0316,0.2648,0
6,0.5769,3,-2,0.5514,0.2642,1
1,0.164,1,2,0.6843,0.2642,1
1,0.2952,2,-2,0.3145,0.2637,1
2,0.4858,2,4,0.7062,0.2633,0
6,0.9727,4,7,0.0556,0.2629,1
1,0.8171,4,-8,0.1373,0.2626,1
2,0.5953,3,-3,0.4217,0.2618,0
6,0.9221,4,4,0.4149,0.261,1
6,0.0795,1,5,0.4688,0.2602,0
1,0.8455,4,6,0.734,0.2601,1
2,0.7093,3,1,0.1925,0.2595,0
4,0.38,2,3,0.1678,0.2594,0
3,0.252,1,11,0.8424,0.2591,0
3,0.3908,2,-1,0.6748,0.2589,0
4,0.891,4,0,0.0446,0.2585,0
3,0.2685,1,-10,0.3128,0.2578,0
6,0.8397,4,2,0.8105,0.2577,0
3,0.2976,2,10,0.4131,0.2564,0
1,0.2898,2,5,0.0412,0.2562,0
6,0.4758,2,6,0.1055,0.256,1
3,0.4724,2,5,0.4215,0.2548,0
5,0.1607,1,3,0.6916,0.2505,1
3,0.9318,4,9,0.7646,0.2504,0
5,0.5049,2,6,0.3998,0.2503,0
6,0.8372,4,9,0.2427,0.2488,0
1,0.6996,3,-1,0.9804,0.248,0
1,0.3597,2,-1,0.6755,0.2478,1
5,0.81,4,-7,0.2355,0.2476,1
1,0.1139,1,6,0.6892,0.2469,0
6,0.1205,1,7,0.4784,0.2463,0
1,0.7975,4,6,0.5312,0.2463,0
4,0.5604,3,0,0.6341,0.2453,1
6,0.9848,4,5,0.4786,0.245,0
3,0.1714,1,11,0.1491,0.2434,1
4,0.7268,3,-10,0.8335,0.243,0
6,0.7959,4,0,0.9,0.2427,1
1,0.6249,3,-8,0.8175,0.2421,0
3,0.9807,4,2,0.8963,0.2419,0
6,0.691,3,6,0.3606,0.2403,1
1,0.5856,3,5,0.6214,0.2397,1
6,0.5817,3,4,0.5314,0.2396,0
5,0.764,4,-9,0.7196,0.2396,1
5,0.1024,1,-10,0.4202,0.2392,0
2,0.3987,2,6,0.6998,0.2386,0
1,0.1537,1,1,0.713,0.238,0
6,0.3122,2,8,0.525,0.2378,0
5,0.9452,4,6,0.9343,0.2371,1
3,0.8544,4,-5,0.2956,0.237,1
5,0.3308,2,5,0.8908,0.2367,0
1,0.8886,4,1,0.1423,0.2363,1
4,0.2662,1,-3,0.1909,0.2356,1
3,0.2337,1,1,0.3257,0.2353,1
6,0.1352,1,4,0.4251,0.2347,1
6,0.8352,4,5,0.5677,0.234,0
6,0.1553,1,-9,0.806,0.2329,1
4,0.4066,2,4,0.1362,0.2328,0
2,0.822,4,10,0.4249,0.2326,0
3,0.2401,1,-1,0.3112,0.2321,1
1,0.1197,1,-5,0.8341,0.2312,0
1,0.9452,4,6,0.6781,0.231,1
6,0.8471,4,8,0.7836,0.2306,1
6,0.2468,1,-11,0.4909,0.2302,0
5,0.8984,4,4,0.4875,0.2293,1
4,0.3768,2,6,0.1736,0.2287,0
4,0.8848,4,-3,0.6693,0.2285,0
6,0.8915,4,6,0.6302,0.2281,1
5,0.6383,3,-7,0.042,0.2278,1
6,0.0693,1,-1,0.0518,0.2277,0
5,0.8359,4,-6,0.4365,0.2272,1
3,0.6585,3,-8,0.5299,0.2272,0
4,0.2364,1,2,0.4867,0.227,0
4,0.9796,4,9,0.9254,0.2266,1
6,0.8717,4,-11,0.2628,0.2265,0
4,0.361,2,0,0.2858,0.2255,1
4,0.5363,3,3,0.8707,0.2253,1
3,0.9127,4,-2,0.6866,0.2249,0
2,0.7854,4,4,0.4489,0.2242,1
5,0.6302,3,9,0.8058,0.2241,0
6,0.1281,1,6,0.5718,0.2238,1
3,0.9355,4,8,0.3003,0.2237,1
1,0.8153,4,-6,0.1143,0.2223,1
1,0.5271,3,5,0.8623,0.2223,0
2,0.8125,4,-3,0.5082,0.2217,1
6,0.9692,4,-6,0.4406,0.2208,1
6,0.8968,4,0,0.2075,0.2205,0
4,0.3046,2,-9,0.3171,0.2189,0
3,0.9215,4,1,0.7467,0.2184,0
1,0.0473,1,-10,0.5002,0.2181,1
1,0.3791,2,-8,0.9072,0.2176,1
1,0.2145,1,5,0.3657,0.2172,0
1,0.4864,2,-5,0.8934,0.2172,0
1,0.2451,1,-6,0.7988,0.2171,0
3,0.9047,4,9,0.8689,0.217,0
4,0.6941,3,10,0.106,0.2169,1
3,0.4274,2,11,0.5859,0.2162,1
4,0.5486,3,2,0.9658,0.2159,0
3,0.3499,2,0,0.334,0.2156,1
5,0.7086,3,-9,0.4037,0.2156,1
1,0.8617,4,8,0.295,0.2154,1
5,0.8976,4,-7,0.3244,0.2149,0
1,0.8533,4,-9,0.4236,0.2149,0
3,0.8508,4,-11,0.068,0.2147,1
3,0.1444,1,-6,0.8598,0.2141,1
3,0.3584,2,-6,0.4184,0.2136,0
6,0.2484,1,5,0.1522,0.2131,0
5,0.5172,3,-11,0.3763,0.2126,1
5,0.2044,1,-7,0.1159,0.2118,0
1,0.4653,2,9,0.0665,0.2111,0
1,0.6504,3,-11,0.226,0.2108,1
4,0.9007,4,-6,0.7573,0.2105,0
5,0.2731,2,0,0.8893,0.2105,1
2,0.5075,2,-4,0.3595,0.2101,1
1,0.9058,4,7,0.3956,0.21,0
4,0.4289,2,4,0.0378,0.2097,0
4,0.4733,2,0,0.1103,0.2096,1
4,0.196,1,-3,0.1535,0.2087,1
1,0.2227,1,3,0.5922,0.2086,0
1,0.3715,2,5,0.2063,0.208,0
2,0.2123,1,6,0.6885,0.2079,1
1,0.6878,3,2,0.0446,0.2075,1
2,0.9997,4,3,0.6106,0.207,1
6,0.0498,1,-1,0.9548,0.2067,1
6,0.038,1,-2,0.1382,0.2066,0
2,0.4394,2,-10,0.3219,0.2061,0
2,0.9799,4,-3,0.627,0.2061,1
3,0.2764,2,-9,0.6281,0.206,1
6,0.1044,1,-9,0.9324,0.2048,1
1,0.965,4,-10,0.2528,0.2044,0
5,0.3042,2,-10,0.3801,0.2033,1
2,0.6516,3,3,0.4907,0.2032,0
6,0.5955,3,-1,0.9857,0.2027,1
3,0.1517,1,8,0.6691,0.2024,1
5,0.5634,3,-8,0.5988,0.2021,1
5,0.058,1,-10,0.8473,0.202,0
4,0.2504,1,-5,0.3452,0.2014,0
5,0.0405,1,-1,0.7649,0.2011,0
5,0.3406,2,-10,0.292,0.2007,1
3,0.5032,2,-7,0.2587,0.1995,0
2,0.7867,4,-7,0.3933,0.1995,1
3,0.1658,1,-7,0.5488,0.1994,0
6,0.4047,2,1,0.903,0.1985,0
6,0.7181,3,-7,0.3496,0.1976,0
1,0.3777,2,-8,0.933,0.197,1
6,0.6642,3,9,0.1839,0.1965,0
4,0.4943,2,-2,0.4366,0.1965,0
1,0.8882,4,5,0.681,0.1955,0
6,0.4043,2,4,0.3988,0.1953,1
4,0.6916,3,-4,0.4748,0.1952,0
5,0.9027,4,-7,0.7905,0.1947,0
2,0.761,4,8,0.9495,0.1938,1
2,0.1043,1,9,0.1936,0.1932,1
1,0.3938,2,8,0.4978,0.193,0
3,0.2866,2,-5,0.1007,0.1922,1
3,0.04,1,-1,0.2379,0.1909,1
3,0.8022,4,-8,0.4342,0.1906,0
6,0.1727,1,-6,0.3074,0.1899,0
1,0.6293,3,-4,0.71,0.1899,1
2,0.7248,3,-9,0.1757,0.1894,0
3,0.222,1,9,0.3521,0.1885,1
1,0.5976,3,-1,0.1672,0.1883,0
2,0.2482,1,10,0.1867,0.1881,0
6,0.9192,4,-5,0.366,0.1881,1
5,0.1215,1,-6,0.6271,0.188,0
6,0.7535,3,5,0.288,0.1878,0
2,0.9096,4,-6,0.412,0.1878,0
2,0.5994,3,-3,0.844,0.1869,0
3,0.5041,2,-8,0.1884,0.1856,1
1,0.3079,2,-1,0.3746,0.1855,0
5,0.0683,1,9,0.3761,0.1837,0
1,0.1282,1,6,0.1507,0.1832,1
6,0.8505,4,6,0.0544,0.1828,0
4,0.9487,4,-10,0.5805,0.1828,1
5,0.7408,3,7,0.2195,0.1827,0
3,0.7258,3,5,0.3366,0.182,0
4,0.6747,3,5,0.1452,0.1819,1
5,0.7139,3,0,0.6944,0.1815,0
1,0.7876,4,-10,0.8232,0.1811,0
4,0.5147,3,1,0.3971,0.1804,1
3,0.6524,3,7,0.4584,0.1797,0
5,0.382,2,-11,0.6854,0.1792,0
1,0.2543,1,4,0.2033,0.179,0
6,0.8249,4,4,0.7772,0.1788,0
1,0.2947,2,-4,0.1238,0.1787,0
6,0.1544,1,-7,0.9607,0.1787,1
1,0.657,3,-11,0.6348,0.1786,0
6,0.7814,4,7,0.8759,0.1785,0
6,0.8826,4,11,0.6529,0.1781,0
5,0.2264,1,-3,0.9385,0.1768,0
1,0.6207,3,11,0.6258,0.1731,0
1,0.3327,2,-2,0.9787,0.1716,0
2,0.7324,3,1,0.3788,0.1714,0
4,0.2775,2,-3,0.7558,0.1713,1
4,0.3016,2,10,0.6037,0.1701,0
5,0.3683,2,-2,0.6513,0.1699,1
5,0.6409,3,-11,0.6537,0.1691,0
6,0.8275,4,11,0.3537,0.1686,0
4,0.8507,4,6,0.7875,0.1685,0
1,0.4002,2,-6,0.2457,0.1682,1
1,0.6762,3,-8,0.3944,0.1678,0
2,0.525,3,-11,0.1444,0.1667,1
1,0.9145,4,-8,0.3001,0.1662,0
5,0.4957,2,-9,0.849,0.165,1
4,0.6799,3,8,0.9765,0.1626,0
1,0.7355,3,-10,0.2731,0.1625,0
4,0.4837,2,2,0.8436,0.1619,0
3,0.1394,1,7,0.773,0.1617,0
1,0.3394,2,6,0.9592,0.1617,1
6,0.6493,3,11,0.5831,0.1612,0
3,0.1731,1,-10,0.1992,0.1603,1
4,0.0761,1,-3,0.7275,0.1602,1
1,0.3925,2,11,0.6947,0.1598,1
2,0.5961,3,10,0.9297,0.1598,0
2,0.2997,2,8,0.4863,0.1594,1
4,0.1124,1,-8,0.1475,0.1591,0
1,0.4778,2,4,0.6799,0.1591,0
4,0.1463,1,-4,0.1439,0.1583,1
3,0.9369,4,-4,0.3091,0.1566,0
1,0.1121,1,11,0.2344,0.1563,0
6,0.2921,2,3,0.1918,0.1558,0
2,0.4855,2,0,0.9046,0.1554,0
1,0.9214,4,-3,0.1099,0.1552,1
5,0.0521,1,-7,0.238,0.1543,1
3,0.6859,3,0,0.592,0.1543,0
1,0.9271,4,-11,0.5226,0.154,0
5,0.9042,4,-11,0.0342,0.1534,1
5,0.4478,2,7,0.4204,0.1528,0
3,0.2278,1,4,0.6918,0.1518,0
3,0.807,4,1,0.755,0.1514,1
1,0.6302,3,11,0.944,0.1507,0
2,0.1378,1,-3,0.0277,0.1491,1
4,0.8472,4,-11,0.8028,0.149,1
3,0.7611,4,2,0.4473,0.1485,1
3,0.9422,4,5,0.4457,0.1482,0
2,0.6085,3,-7,0.1091,0.1477,0
4,0.235,1,11,0.7916,0.1475,0
5,0.8169,4,2,0.2006,0.1458,1
5,0.049,1,11,0.1533,0.1457,1
2,0.2477,1,-7,0.6037,0.1452,1
1,0.1586,1,10,0.9171,0.1451,1
5,0.9399,4,7,0.3798,0.1444,0
2,0.4056,2,4,0.6857,0.1444,1
3,0.0731,1,-3,0.2708,0.1439,1
4,0.636,3,10,0.181,0.1429,1
5,0.7071,3,8,0.3302,0.1425,0
3,0.6838,3,10,0.6988,0.1423,1
1,0.8568,4,11,0.5172,0.1416,1
5,0.3892,2,11,0.9691,0.1406,0
4,0.2581,1,-7,0.319,0.1401,0
6,0.099,1,9,0.5335,0.1394,0
4,0.6261,3,-7,0.9566,0.139,0
4,0.1922,1,-11,0.5065,0.1382,0
6,0.9391,4,6,0.261,0.1378,1
2,0.1606,1,7,0.8927,0.1375,0
5,0.9945,4,5,0.7368,0.1372,0
3,0.7312,3,-3,0.4739,0.1363,0
4,0.4757,2,2,0.7029,0.1363,1
4,0.073,1,6,0.0433,0.136,1
2,0.2186,1,-10,0.3322,0.1352,1
1,0.6137,3,-10,0.2476,0.1348,0
4,0.9226,4,0,0.191,0.1341,1
4,0.5539,3,9,0.2286,0.1325,0
3,0.6842,3,7,0.0587,0.1324,1
5,0.55,3,-5,0.5209,0.132,0
1,0.5499,3,-5,0.6233,0.1314,1
5,0.4518,2,0,0.4829,0.1313,1
3,0.4829,2,-8,0.2549,0.1303,1
6,0.0932,1,0,0.651,0.1302,0
1,0.2643,1,-2,0.8216,0.1301,1
2,0.1422,1,4,0.3361,0.1292,1
6,0.2921,2,-3,0.5198,0.1291,0
6,0.2803,2,-4,0.5374,0.1286,1
3,0.5826,3,-10,0.7074,0.1272,1
2,0.5896,3,-1,0.3316,0.1267,0
2,0.5332,3,-11,0.225,0.1264,1
4,0.3907,2,-3,0.3237,0.1259,1
5,0.651,3,-11,0.7092,0.125,0
4,0.203,1,8,0.4929,0.1248,0
6,0.7158,3,6,0.8484,0.1241,1
2,0.113,1,2,0.9585,0.1221,1
6,0.6295,3,9,0.7906,0.1218,1
6,0.6316,3,6,0.7411,0.121,1
1,0.5068,2,7,0.8993,0.12,0
4,0.863,4,9,0.0767,0.1191,1
4,0.2465,1,7,0.511,0.1169,0
4,0.6744,3,-6,0.4667,0.1162,0
2,0.7399,3,-2,0.7275,0.1139,0
4,0.9609,4,2,0.3265,0.1138,1
1,0.6872,3,-2,0.7565,0.1125,1
1,0.4686,2,-10,0.1005,0.1122,1
6,0.8808,4,2,0.4,0.1114,1
4,0.9975,4,6,0.3701,0.111,1
2,0.8022,4,-7,0.3128,0.1109,1
5,0.7816,4,2,0.3834,0.1102,0
6,0.7978,4,0,0.8878,0.1099,1
4,0.2876,2,-7,0.0903,0.109,0
1,0.5751,3,-11,0.7079,0.1089,1
1,0.3994,2,-6,0.1157,0.1082,0
2,0.4252,2,1,0.5901,0.1075,0
6,0.5087,2,0,0.1293,0.1072,0
2,0.9431,4,10,0.1324,0.1072,1
5,0.9336,4,-2,0.6229,0.1072,1
3,0.6939,3,-3,0.6956,0.1072,0
6,0.5561,3,10,0.3784,0.1067,1
2,0.7931,4,0,0.7123,0.1066,0
1,0.7176,3,1,0.8582,0.1062,1
4,0.1005,1,-4,0.2731,0.1052,0
3,0.1859,1,-6,0.3116,0.1046,1
6,0.3823,2,9,0.3395,0.1034,1
1,0.07,1,-9,0.5863,0.103,1
1,0.0478,1,5,0.6272,0.102,1
5,0.9937,4,-3,0.5363,0.1019,0
2,0.0835,1,-8,0.7521,0.1014,1
1,0.6043,3,3,0.692,0.1011,1
1,0.8235,4,7,0.6934,0.1011,0
3,0.5165,3,5,0.353,0.1007,0
4,0.9275,4,8,0.7798,0.1004,1
2,0.2874,2,-5,0.1272,0.0995,0
2,0.8981,4,-1,0.7064,0.0984,1
4,0.7181,3,-8,0.3339,0.0971,0
4,0.3649,2,-2,0.5193,0.097,1
4,0.4362,2,-4,0.9898,0.097,1
4,0.8614,4,5,0.1599,0.0969,1
3,0.8237,4,-7,0.2428,0.0962,1
1,0.1669,1,8,0.9317,0.0961,0
1,0.7692,4,-9,0.9234,0.0954,0
6,0.581,3,7,0.3178,0.0953,1
2,0.4798,2,7,0.7474,0.0952,0
1,0.5509,3,1,0.2577,0.0941,1
3,0.9463,4,1,0.2034,0.0938,1
3,0.1644,1,-3,0.9337,0.093,1
6,0.8713,4,5,0.925,0.0924,1
3,0.0334,1,-8,0.0967,0.0919,0
2,0.7134,3,4,0.4363,0.0917,0
1,0.5169,3,2,0.117,0.0914,0
1,0.13,1,4,0.4497,0.091,1
1,0.9448,4,5,0.345,0.0909,0
5,0.8238,4,-10,0.9439,0.0908,0
4,0.4967,2,-10,0.2691,0.0906,1
4,0.0452,1,-3,0.5175,0.0902,0
4,0.5087,2,6,0.748,0.09,0
5,0.5421,3,7,0.5464,0.0899,1
5,0.9526,4,6,0.0744,0.0897,0
1,0.9915,4,3,0.9885,0.0891,1
6,0.4558,2,10,0.3479,0.089,0
3,0.0626,1,10,0.9099,0.0884,1
6,0.3281,2,3,0.8682,0.088,1
2,0.5438,3,4,0.3868,0.0871,0
6,0.6927,3,-1,0.2996,0.087,1
5,0.7049,3,4,0.1993,0.0869,0
3,0.98,4,3,0.7849,0.0866,0
2,0.7218,3,-4,0.1293,0.0856,1
4,0.872,4,8,0.5626,0.0847,0
2,0.2527,1,11,0.6296,0.0847,1
2,0.8824,4,10,0.7852,0.0839,1
1,0.3878,2,11,0.7188,0.0834,0
2,0.4186,2,10,0.3524,0.0828,1
4,0.2642,1,-3,0.297,0.0827,1
5,0.7816,4,-10,0.5303,0.0825,0
6,0.9593,4,-7,0.8638,0.0825,0
5,0.4971,2,-5,0.3977,0.0824,1
4,0.0511,1,-7,0.6528,0.0821,0
2,0.3739,2,-11,0.1392,0.0818,0
6,0.4144,2,0,0.0407,0.0813,0
1,0.5687,3,11,0.3045,0.0812,1
6,0.2916,2,7,0.3019,0.0811,1
3,0.3048,2,-2,0.7842,0.0807,0
5,0.486,2,-5,0.2279,0.0803,1
1,0.5777,3,3,0.5143,0.0803,1
5,0.7441,3,11,0.5452,0.0802,0
2,0.0251,1,-3,0.7821,0.0801,0
3,0.6371,3,-8,0.6961,0.08,1
4,0.528,3,7,0.3878,0.0797,1
1,0.3907,2,-10,0.9518,0.0785,0
5,0.3164,2,-4,0.3555,0.0781,0
1,0.7243,3,-2,0.5817,0.078,1
6,0.8336,4,7,0.9111,0.0774,0
5,0.7124,3,11,0.9013,0.0767,1
5,0.7215,3,-4,0.097,0.0754,0
4,0.07,1,2,0.873,0.0752,0
4,0.362,2,0,0.0832,0.0751,1
2,0.4031,2,-7,0.2527,0.0745,0
5,0.1008,1,-3,0.3976,0.0741,1
5,0.7299,3,-10,0.7177,0.074,1
2,0.187,1,-2,0.7001,0.0736,1
4,0.158,1,-3,0.9573,0.0716,0
2,0.1475,1,6,0.8698,0.0712,1
3,0.0639,1,4,0.7108,0.0709,0
2,0.302,2,-6,0.8772,0.0706,1
6,0.7255,3,7,0.7164,0.0705,0
4,0.9061,4,-10,0.6873,0.0704,1
1,0.6145,3,-8,0.3704,0.0703,1
5,0.572,3,11,0.9199,0.0703,1
5,0.8086,4,-2,0.1092,0.0699,0
2,0.3673,2,-4,0.956,0.0698,1
6,0.4441,2,5,0.3172,0.0694,1
1,0.7032,3,-9,0.1788,0.0693,0
2,0.8197,4,-11,0.4617,0.0689,0
2,0.17,1,3,0.5963,0.068,1
2,0.2845,2,4,0.4932,0.0679,0
2,0.0785,1,7,0.6414,0.0676,0
3,0.7716,4,-6,0.5482,0.0664,1
3,0.2546,1,7,0.92,0.066,1
2,0.717,3,-8,0.2343,0.0658,0
4,0.0907,1,-7,0.481,0.0647,1
3,0.6321,3,1,0.9556,0.0645,1
5,0.303,2,-9,0.3053,0.0642,1
1,0.4729,2,-4,0.9915,0.0631,0
6,0.9359,4,-1,0.0352,0.0629,0
3,0.7489,3,-6,0.1481,0.0628,1
5,0.6163,3,-7,0.4393,0.0621,0
1,0.16,1,-5,0.9296,0.0621,0
2,0.5175,3,-3,0.7846,0.0619,0
3,0.5844,3,-11,0.4702,0.0614,1
4,0.6922,3,2,0.5204,0.0611,0
6,0.2215,1,6,0.4096,0.061,0
1,0.6483,3,-1,0.3958,0.0592,0
6,0.5883,3,-4,0.2107,0.059,0
2,0.1914,1,11,0.9225,0.059,0
4,0.6697,3,8,0.7424,0.0586,0
1,0.5513,3,5,0.6386,0.0582,0
3,0.9309,4,-7,0.2566,0.0577,1
1,0.9503,4,1,0.5475,0.0574,1
1,0.5908,3,-1,0.4724,0.0571,0
3,0.3392,2,2,0.295,0.0568,0
6,0.7638,4,-3,0.5538,0.0566,0
3,0.9258,4,10,0.4311,0.0563,1
2,0.0494,1,10,0.0906,0.0561,0
3,0.3634,2,9,0.2764,0.0561,0
6,0.6956,3,2,0.3447,0.0555,0
3,0.1043,1,-1,0.4952,0.0555,0
2,0.9885,4,3,0.8733,0.0554,1
6,0.7461,3,6,0.8657,0.0543,0
3,0.1742,1,2,0.2793,0.0534,1
2,0.7958,4,-5,0.1193,0.053,0
2,0.6343,3,-11,0.2554,0.0529,1
4,0.315,2,8,0.4004,0.0529,1
4,0.1863,1,-3,0.8952,0.0529,0
6,0.6843,3,8,0.2449,0.0524,1
5,0.7947,4,0,0.6772,0.0524,1
1,0.2807,2,3,0.9895,0.0518,1
2,0.3704,2,-10,0.1896,0.0516,0
4,0.1473,1,-2,0.6995,0.0493,1
1,0.315,2,7,0.4308,0.0487,0
1,0.696,3,5,0.5917,0.0437,0
3,0.8574,4,8,0.1268,0.0433,1
5,0.5276,3,-5,0.2422,0.0433,1
5,0.898,4,-6,0.6747,0.0432,0
6,0.204,1,-11,0.409,0.0428,0
2,0.9463,4,11,0.7021,0.0416,1
1,0.6588,3,-3,0.747,0.0416,1
5,0.2881,2,-7,0.1257,0.0414,0
3,0.1265,1,8,0.8905,0.0413,0
3,0.4481,2,10,0.9907,0.0406,1
2,0.1707,1,2,0.2046,0.0397,0
6,0.7502,3,-2,0.4167,0.0386,0
2,0.8741,4,11,0.1219,0.0383,0
6,0.0475,1,-1,0.1177,0.0382,0
5,0.2531,1,1,0.306,0.0376,0
4,0.9478,4,0,0.3329,0.0363,1
1,0.7678,4,-2,0.2775,0.036,0
6,0.8723,4,1,0.7219,0.0359,1
4,0.4177,2,-9,0.737,0.0356,1
4,0.0668,1,-1,0.4844,0.0354,1
4,0.7995,4,-11,0.2144,0.0353,1
2,0.6376,3,7,0.7459,0.035,1
6,0.3071,2,-3,0.7404,0.0343,0
3,0.8656,4,-1,0.5353,0.0341,0
3,0.2238,1,11,0.6066,0.034,0
4,0.0801,1,-2,0.6065,0.0334,1
2,0.383,2,-1,0.1274,0.0333,1
6,0.7539,3,7,0.4187,0.0332,0
6,0.5156,3,5,0.2853,0.032,1
1,0.0402,1,1,0.1667,0.0317,0
1,0.1953,1,-8,0.9155,0.0316,0
4,0.3131,2,-7,0.5223,0.0313,0
6,0.1839,1,-9,0.5839,0.0311,1
6,0.4012,2,-2,0.9337,0.0311,1
3,0.5447,3,-7,0.0865,0.0307,0
2,0.8502,4,6,0.5665,0.0304,0
5,0.5999,3,6,0.5777,0.0304,1
6,0.2025,1,-4,0.6969,0.0303,1
4,0.3306,2,-4,0.8092,0.0299,0
3,0.1008,1,8,0.3895,0.0293,0
4,0.1152,1,-2,0.0502,0.0277,1
1,0.7382,3,9,0.5493,0.0275,0
4,0.2391,1,0,0.1403,0.0271,0
2,0.3135,2,3,0.1019,0.0269,0
4,0.7451,3,-11,0.8008,0.0258,1
4,0.4697,2,-4,0.1728,0.0257,1
3,0.0448,1,-2,0.5649,0.0254,0
1,0.7149,3,9,0.2688,0.0253,1
4,0.7759,4,7,0.9258,0.0252,1
